iteration,loss,reachability_probability,raw_morphology_json,normalized_morphology_json,processed_morphology_json,sampled_pose_indices_json,sampled_goal_poses_json,best_seed_indices_json,best_joints_json,fk_reached_poses_best_json,best_pos_err_mean,best_rot_err_mean,best_se3_dist_mean,best_pos_err_per_pose_json,best_rot_err_per_pose_json,best_se3_dist_per_pose_json
0,391.243408203125,0.19058528542518616,"[[-1.5707963705062866, -0.12492500990629196, 0.056431520730257034], [1.5707963705062866, 0.0, 0.0], [-1.5707963705062866, -0.2797662317752838, -0.18686899542808533], [1.5707963705062866, 0.0, -0.07497695833444595], [-1.5707963705062866, 0.0, -0.16485939919948578], [0.0, 0.0861254334449768, -0.21100254356861115], [-1.5707963705062866, 0.058745454996824265, 0.0]]","[[-1.5707963705062866, -0.12492500990629196, 0.056431520730257034], [1.5707963705062866, 0.0, 0.0], [-1.5707963705062866, -0.2797662317752838, -0.18686899542808533], [1.5707963705062866, 0.0, -0.07497695833444595], [-1.5707963705062866, 0.0, -0.16485939919948578], [0.0, 0.0861254334449768, -0.21100254356861115], [-1.5707963705062866, 0.058745454996824265, 0.0]]","[[-1.5707963705062866, -0.12492500990629196, 0.056431520730257034], [1.5707963705062866, 0.0, 0.0], [-1.5707963705062866, -0.2797662317752838, -0.18686899542808533], [1.5707963705062866, 0.0, -0.07497695833444595], [-1.5707963705062866, 0.0, -0.16485939919948578], [0.0, 0.0861254334449768, -0.21100254356861115], [-1.5707963705062866, 0.058745454996824265, 0.0]]",,,,,,,,,,,
1,49.25030517578125,0.471560537815094,"[[-1.5707963705062866, -0.11491251736879349, 0.04642587900161743], [1.5707963705062866, -0.009999999776482582, 0.009999998845160007], [-1.5707963705062866, -0.2897382378578186, -0.19685031473636627], [1.5707963705062866, 0.010000000707805157, -0.08496946096420288], [-1.5707963705062866, -0.009999999776482582, -0.15484289824962616], [0.0, 0.0961168184876442, -0.20098143815994263], [-1.5707963705062866, 0.06873957812786102, -0.009999999776482582]]","[[-1.5707963705062866, -0.11251276731491089, 0.045456353574991226], [1.5707963705062866, -0.009791167452931404, 0.00979116652160883], [-1.5707963705062866, -0.283687561750412, -0.19273944199085236], [1.5707963705062866, 0.009791168384253979, -0.0831950232386589], [-1.5707963705062866, -0.009791167452931404, -0.15160927176475525], [0.0, 0.09410958737134933, -0.19678428769111633], [-1.5707963705062866, 0.06730406731367111, -0.009791167452931404]]","[[-1.5707963705062866, -0.11531265079975128, 0.0], [1.5707963705062866, -0.0, 0.0], [-1.5707963705062866, -0.29074713587760925, -0.19753576815128326], [1.5707963705062866, 0.0, -0.08526533097028732], [-1.5707963705062866, -0.0, -0.15538206696510315], [0.0, 0.09645150601863861, -0.20168127119541168], [-1.5707963705062866, 0.0689789280295372, -0.0]]",,,,,,,,,,,
2,8.989401817321777,0.642384946346283,"[[-1.5707963705062866, -0.1057269498705864, 0.037461042404174805], [1.5707963705062866, -0.01876695267856121, 0.019790491089224815], [-1.5707963705062866, -0.298382043838501, -0.20558053255081177], [1.5707963705062866, 0.01832478679716587, -0.09347373992204666], [-1.5707963705062866, -0.0176264476031065, -0.14618074893951416], [0.0, 0.10402067750692368, -0.19211451709270477], [-1.5707963705062866, 0.07747286558151245, -0.018252281472086906]]","[[-1.5707963705062866, -0.10143204778432846, 0.03593927621841431], [1.5707963705062866, -0.018004590645432472, 0.018986549228429794], [-1.5707963705062866, -0.2862609922885895, -0.1972293108701706], [1.5707963705062866, 0.017580386251211166, -0.08967659622430801], [-1.5707963705062866, -0.016910415142774582, -0.14024250209331512], [0.0, 0.09979508817195892, -0.18431033194065094], [-1.5707963705062866, 0.07432571798563004, -0.017510825768113136]]","[[-1.5707963705062866, -0.10534044355154037, 0.0], [1.5707963705062866, -0.0, 0.0], [-1.5707963705062866, -0.29729124903678894, -0.20482897758483887], [1.5707963705062866, 0.0, -0.09313202649354935], [-1.5707963705062866, -0.0, -0.1456463485956192], [0.0, 0.10364040732383728, -0.19141221046447754], [-1.5707963705062866, 0.07718964666128159, -0.0]]","[8, 1, 2, 6, 3]","[[[0.0, 0.0, -1.0, 0.28999999165534973], [-0.0, 1.0, 0.0, 0.15833400189876556], [1.0, 0.0, 0.0, 0.11874999850988388], [0.0, 0.0, 0.0, 1.0]], [[0.0, 0.0, -1.0, 0.28999999165534973], [-0.0, 1.0, 0.0, -0.15833400189876556], [1.0, 0.0, 0.0, 0.0062500000931322575], [0.0, 0.0, 0.0, 1.0]], [[0.0, 0.0, -1.0, 0.28999999165534973], [-0.0, 1.0, 0.0, -0.15833400189876556], [1.0, 0.0, 0.0, 0.11874999850988388], [0.0, 0.0, 0.0, 1.0]], [[0.0, 0.0, -1.0, 0.28999999165534973], [-0.0, 1.0, 0.0, 0.0], [1.0, 0.0, 0.0, 0.23125000298023224], [0.0, 0.0, 0.0, 1.0]], [[0.0, 0.0, -1.0, 0.28999999165534973], [-0.0, 1.0, 0.0, -0.15833400189876556], [1.0, 0.0, 0.0, 0.23125000298023224], [0.0, 0.0, 0.0, 1.0]]]","[0, 0, 0, 0, 0]","[[0.17704986035823822, 2.020381450653076, 4.225210432196036e-06, 1.1212031841278076, -3.0751655101776123, 1.68141508102417], [-2.637519359588623, 0.5574221014976501, 2.6894772052764893, -3.086063861846924, -3.089580535888672, 1.4952545166015625], [-2.9776527881622314, 0.6440187692642212, 2.7726333141326904, -2.919893980026245, -3.0866379737854004, 1.2517871856689453], [3.0604774951934814, 0.24114005267620087, 1.1016889810562134, -3.092978000640869, -0.495037704706192, 3.0808627605438232], [3.0833017826080322, 0.5331137180328369, 0.9311732649803162, -3.0999536514282227, -0.36518821120262146, 2.7966673374176025]]","[[[2.1923333406448364e-06, 7.29784369468689e-06, -1.0, 0.2900390625], [5.125999450683594e-06, 1.0, 7.29784369468689e-06, 0.1583251953125], [1.0, -5.125999450683594e-06, 2.1923333406448364e-06, 0.11882324516773224], [0.0, 0.0, 0.0, 1.0]], [[0.131103515625, 0.41357421875, -0.90087890625, 0.254150390625], [0.220947265625, 0.87353515625, 0.433349609375, -0.0841064453125], [0.96630859375, -0.255859375, 0.0231170654296875, 0.03398437798023224], [0.0, 0.0, 0.0, 1.0]], [[0.108642578125, 0.403076171875, -0.90869140625, 0.25732421875], [0.11236572265625, 0.9033203125, 0.4140625, -0.08642578125], [0.98779296875, -0.1470947265625, 0.052825927734375, 0.14476318657398224], [0.0, 0.0, 0.0, 1.0]], [[0.01338958740234375, 0.262451171875, -0.96484375, 0.304931640625], [0.0193023681640625, 0.96484375, 0.2626953125, 0.03326416015625], [0.99951171875, -0.0221405029296875, 0.007843017578125, 0.23414917290210724], [0.0, 0.0, 0.0, 1.0]], [[0.018829345703125, 0.5302734375, -0.84765625, 0.3154296875], [-0.00881195068359375, 0.84765625, 0.5302734375, -0.09808349609375], [1.0, -0.0025119781494140625, 0.0206298828125, 0.24617309868335724], [0.0, 0.0, 0.0, 1.0]]]",0.054773617535829544,0.35844627022743225,0.0830388218164444,"[8.348149276571348e-05, 0.0869719460606575, 0.08315759152173996, 0.03657681867480278, 0.06707824766635895]","[0.0, 0.5148606896400452, 0.451250821352005, 0.2668754458427429, 0.5592443346977234]","[2.951516398752574e-05, 0.11989454925060272, 0.10573682934045792, 0.06144434213638306, 0.1280888319015503]"
3,2.4063966274261475,0.681401789188385,"[[-1.5707963705062866, -0.09769754111766815, 0.02967727929353714], [1.5707963705062866, -0.02721225470304489, 0.028846459463238716], [-1.5707963705062866, -0.30578774213790894, -0.21311761438846588], [1.5707963705062866, 0.025464361533522606, -0.1007126197218895], [-1.5707963705062866, -0.02385634370148182, -0.1387607753276825], [0.0, 0.11026150733232498, -0.18436069786548615], [-1.5707963705062866, 0.08467582613229752, -0.025019662454724312]]","[[-1.5707963705062866, -0.09196971356868744, 0.027937356382608414], [1.5707963705062866, -0.025616850703954697, 0.02715524472296238], [-1.5707963705062866, -0.2878599762916565, -0.20062293112277985], [1.5707963705062866, 0.0239714328199625, -0.09480802714824677], [-1.5707963705062866, -0.02245769090950489, -0.13062548637390137], [0.0, 0.1037970781326294, -0.17355197668075562], [-1.5707963705062866, 0.0797114372253418, -0.023552807047963142]]","[[-1.5707963705062866, -0.09678861498832703, 0.0], [1.5707963705062866, -0.0, 0.0], [-1.5707963705062866, -0.3029428720474243, -0.2111348956823349], [1.5707963705062866, 0.0, -0.09977564215660095], [-1.5707963705062866, -0.0, -0.1374698132276535], [0.0, 0.10923568904399872, -0.1826455146074295], [-1.5707963705062866, 0.08388804644346237, -0.0]]",,,,,,,,,,,
4,1.2796539068222046,0.6843664050102234,"[[-1.5707963705062866, -0.09098004549741745, 0.023239320144057274], [1.5707963705062866, -0.034256529062986374, 0.036326080560684204], [-1.5707963705062866, -0.3119019567966461, -0.21936604380607605], [1.5707963705062866, 0.03135913982987404, -0.10668236017227173], [-1.5707963705062866, -0.02897471748292446, -0.1326223909854889], [0.0, 0.11539217084646225, -0.1779324859380722], [-1.5707963705062866, 0.09056558459997177, -0.030588101595640182]]","[[-1.5707963705062866, -0.08425925672054291, 0.021522607654333115], [1.5707963705062866, -0.031725965440273285, 0.033642638474702835], [-1.5707963705062866, -0.2888614535331726, -0.20316125452518463], [1.5707963705062866, 0.02904260903596878, -0.0988016277551651], [-1.5707963705062866, -0.02683432586491108, -0.12282544374465942], [0.0, 0.10686803609132767, -0.16478843986988068], [-1.5707963705062866, 0.08387541770935059, -0.028328528627753258]]","[[-1.5707963705062866, -0.08970237523317337, 0.0], [1.5707963705062866, -0.0, 0.0], [-1.5707963705062866, -0.3075218200683594, -0.21628540754318237], [1.5707963705062866, 0.0, -0.10518418252468109], [-1.5707963705062866, -0.0, -0.13075992465019226], [0.0, 0.11377167701721191, -0.17543372511863708], [-1.5707963705062866, 0.08929374068975449, -0.0]]","[4, 0, 9, 8, 3]","[[[0.0, 0.0, -1.0, 0.28999999165534973], [-0.0, 1.0, 0.0, 0.0], [1.0, 0.0, 0.0, 0.0062500000931322575], [0.0, 0.0, 0.0, 1.0]], [[0.0, -0.0, 1.0, 0.15000000596046448], [0.0, 1.0, 0.0, 0.0], [-1.0, 0.0, 0.0, 0.125], [0.0, 0.0, 0.0, 1.0]], [[0.0, 0.0, -1.0, 0.28999999165534973], [-0.0, 1.0, 0.0, 0.15833400189876556], [1.0, 0.0, 0.0, 0.23125000298023224], [0.0, 0.0, 0.0, 1.0]], [[0.0, 0.0, -1.0, 0.28999999165534973], [-0.0, 1.0, 0.0, 0.15833400189876556], [1.0, 0.0, 0.0, 0.11874999850988388], [0.0, 0.0, 0.0, 1.0]], [[0.0, 0.0, -1.0, 0.28999999165534973], [-0.0, 1.0, 0.0, -0.15833400189876556], [1.0, 0.0, 0.0, 0.23125000298023224], [0.0, 0.0, 0.0, 1.0]]]","[0, 0, 0, 0, 0]","[[-2.4687483310699463, 0.19400276243686676, 2.222663164138794, -3.0830531120300293, -3.0829899311065674, 1.2411682605743408], [-0.9851670861244202, 1.5769108533859253, 1.614207576494664e-07, 1.5646817684173584, 0.8660443425178528, -0.28041526675224304], [-2.3942317962646484, -0.2087256759405136, -3.967404893501225e-07, -2.9328670501708984, 1.8165302276611328, 0.5016264319419861], [-2.1666362285614014, -0.20872563123703003, -2.0601346761850436e-07, -2.9328670501708984, 1.4956402778625488, 1.0501121282577515], [3.0176799297332764, 0.5992777347564697, -3.0856356620788574, -2.8679747581481934, -2.9824352264404297, 1.2370579242706299]]","[[[0.03570556640625, 0.09429931640625, -0.9951171875, 0.278564453125], [0.1317138671875, 0.986328125, 0.09820556640625, 0.02044677734375], [0.99072265625, -0.1346435546875, 0.022796630859375, 0.01811523735523224], [0.0, 0.0, 0.0, 1.0]], [[-1.1102230246251565e-15, 3.716559149324894e-08, 1.0, 0.1500244140625], [-5.8673322200775146e-08, 1.0, -3.716559149324894e-08, -5.2023096941411495e-09], [-1.0, -5.8673322200775146e-08, 1.1102230246251565e-15, 0.12504883110523224], [0.0, 0.0, 0.0, 1.0]], [[1.1102230246251565e-16, -1.4726538211107254e-08, -1.0, 0.2900390625], [-1.7345882952213287e-08, 1.0, -1.4726538211107254e-08, 0.1583251953125], [1.0, 1.7345882952213287e-08, -1.1102230246251565e-16, 0.23125000298023224], [0.0, 0.0, 0.0, 1.0]], [[-1.1102230246251565e-16, -1.1008523870259523e-08, -1.0, 0.2900390625], [3.009336069226265e-08, 1.0, -1.1008523870259523e-08, 0.1583251953125], [1.0, -3.009336069226265e-08, 1.6653345369377348e-16, 0.11882324516773224], [0.0, 0.0, 0.0, 1.0]], [[0.08782958984375, 0.31591796875, -0.94482421875, 0.2587890625], [-0.08648681640625, 0.947265625, 0.308837890625, -0.10284423828125], [0.9921875, 0.054595947265625, 0.11053466796875, 0.24193115532398224], [0.0, 0.0, 0.0, 1.0]]]",0.018198734149336815,0.10177315771579742,0.023808268830180168,"[0.026260733604431152, 5.459150270326063e-05, 4.005105438409373e-05, 8.348149276571348e-05, 0.06455480307340622]","[0.1670234203338623, 0.0, 0.0, 0.0, 0.3418423533439636]","[0.03872302547097206, 1.9301010979688726e-05, 1.4160185855871532e-05, 2.951516398752574e-05, 0.08025533705949783]"
5,0.6854910850524902,0.7058229446411133,"[[-1.5707963705062866, -0.08522021025419235, 0.01776316575706005], [1.5707963705062866, -0.040265053510665894, 0.042650043964385986], [-1.5707963705062866, -0.3170921802520752, -0.22469201683998108], [1.5707963705062866, 0.03636246919631958, -0.11174537241458893], [-1.5707963705062866, -0.03330701217055321, -0.12739814817905426], [0.0, 0.11973886936903, -0.17245632410049438], [-1.5707963705062866, 0.09552174061536789, -0.03530833125114441]]","[[-1.5707963705062866, -0.07780414074659348, 0.016217373311519623], [1.5707963705062866, -0.0367610901594162, 0.03893853351473808], [-1.5707963705062866, -0.28949806094169617, -0.20513877272605896], [1.5707963705062866, 0.03319811820983887, -0.10202102363109589], [-1.5707963705062866, -0.030408555641770363, -0.11631165444850922], [0.0, 0.10931890457868576, -0.15744875371456146], [-1.5707963705062866, 0.08720920979976654, -0.03223571553826332]]","[[-1.5707963705062866, -0.08367511630058289, 0.0], [1.5707963705062866, -0.0, 0.0], [-1.5707963705062866, -0.31134313344955444, -0.22061821818351746], [1.5707963705062866, 0.0, -0.10971937328577042], [-1.5707963705062866, -0.0, -0.12508834898471832], [0.0, 0.11756793409585953, -0.16932958364486694], [-1.5707963705062866, 0.09378988295793533, -0.0]]",,,,,,,,,,,
6,0.38269469141960144,0.7588252425193787,"[[-1.5707963705062866, -0.08021624386310577, 0.013024873100221157], [1.5707963705062866, -0.04546218365430832, 0.048083171248435974], [-1.5707963705062866, -0.3215737044811249, -0.22930951416492462], [1.5707963705062866, 0.040683016180992126, -0.11611393839120865], [-1.5707963705062866, -0.03704255446791649, -0.12287508696317673], [0.0, 0.12348917126655579, -0.16771192848682404], [-1.5707963705062866, 0.09978076070547104, -0.03938424959778786]]","[[-1.5707963705062866, -0.07231160998344421, 0.01174138206988573], [1.5707963705062866, -0.04098226875066757, 0.04334498196840286], [-1.5707963705062866, -0.28988534212112427, -0.2067129909992218], [1.5707963705062866, 0.036674048751592636, -0.1046718880534172], [-1.5707963705062866, -0.033392321318387985, -0.11076678335666656], [0.0, 0.11132035404443741, -0.15118533372879028], [-1.5707963705062866, 0.08994820713996887, -0.035503264516592026]]","[[-1.5707963705062866, -0.07847288250923157, 0.0], [1.5707963705062866, -0.0, 0.0], [-1.5707963705062866, -0.314584881067276, -0.22432586550712585], [1.5707963705062866, 0.0, -0.11359040439128876], [-1.5707963705062866, -0.0, -0.1202046126127243], [0.0, 0.12080535292625427, -0.16406700015068054], [-1.5707963705062866, 0.09761220216751099, -0.0]]","[8, 6, 0, 7, 1]","[[[0.0, 0.0, -1.0, 0.28999999165534973], [-0.0, 1.0, 0.0, 0.15833400189876556], [1.0, 0.0, 0.0, 0.11874999850988388], [0.0, 0.0, 0.0, 1.0]], [[0.0, 0.0, -1.0, 0.28999999165534973], [-0.0, 1.0, 0.0, 0.0], [1.0, 0.0, 0.0, 0.23125000298023224], [0.0, 0.0, 0.0, 1.0]], [[0.0, -0.0, 1.0, 0.15000000596046448], [0.0, 1.0, 0.0, 0.0], [-1.0, 0.0, 0.0, 0.125], [0.0, 0.0, 0.0, 1.0]], [[0.0, 0.0, -1.0, 0.28999999165534973], [-0.0, 1.0, 0.0, 0.15833400189876556], [1.0, 0.0, 0.0, 0.0062500000931322575], [0.0, 0.0, 0.0, 1.0]], [[0.0, 0.0, -1.0, 0.28999999165534973], [-0.0, 1.0, 0.0, -0.15833400189876556], [1.0, 0.0, 0.0, 0.0062500000931322575], [0.0, 0.0, 0.0, 1.0]]]","[0, 0, 0, 0, 0]","[[-2.6869330406188965, -0.28741738200187683, -2.819308804191678e-07, -2.854175329208374, -1.195153832435608, -3.0625758171081543], [0.018654244020581245, 1.6953799724578857, 3.225281020036164e-08, 1.446212649345398, -2.6771318912506104, 1.1249898672103882], [-0.9304662346839905, 1.6953799724578857, 9.321627203462413e-08, 1.446212649345398, 0.4829588532447815, 0.15737125277519226], [-1.9736734628677368, -0.28741738200187683, -4.653874441373773e-07, -2.854175329208374, 1.169380784034729, 1.5693342685699463], [-2.476804494857788, 0.4312249720096588, 2.330162763595581, -3.0695436000823975, -3.081733226776123, 1.3136440515518188]]","[[[-1.1102230246251565e-16, -5.7480065152049065e-09, -1.0, 0.2900390625], [3.9493897929787636e-08, 1.0, -5.7480065152049065e-09, 0.1583251953125], [1.0, -3.9493897929787636e-08, 1.1102230246251565e-16, 0.11882324516773224], [0.0, 0.0, 0.0, 1.0]], [[-3.3306690738754696e-16, 7.369089871644974e-08, -1.0, 0.2900390625], [-9.1749825514853e-09, 1.0, 7.369089871644974e-08, 1.3860699255019426e-08], [1.0, 9.1749825514853e-09, 3.3306690738754696e-16, 0.23125000298023224], [0.0, 0.0, 0.0, 1.0]], [[2.220446049250313e-16, -1.941225491464138e-08, 1.0, 0.1500244140625], [-2.36177584156394e-08, 1.0, 1.941225491464138e-08, 1.2420059647411108e-08], [-1.0, -2.36177584156394e-08, -2.220446049250313e-16, 0.12504883110523224], [0.0, 0.0, 0.0, 1.0]], [[-8.326672684688674e-16, 3.6670826375484467e-08, -1.0, 0.2900390625], [-4.406319931149483e-08, 1.0, 3.6670826375484467e-08, 0.1583251953125], [1.0, 4.406319931149483e-08, 8.326672684688674e-16, 0.006274417042732239], [0.0, 0.0, 0.0, 1.0]], [[0.0963134765625, 0.260498046875, -0.96044921875, 0.281982421875], [0.25390625, 0.9267578125, 0.27685546875, -0.10601806640625], [0.96240234375, -0.2705078125, 0.0231475830078125, 0.01774902641773224], [0.0, 0.0, 0.0, 1.0]]]",0.010877106338739395,0.07805489003658295,0.017996953800320625,"[8.348149276571348e-05, 3.907084828824736e-05, 5.459150634123944e-05, 4.690708374255337e-05, 0.05416148155927658]","[0.0, 0.0, 0.0, 0.0, 0.39027443528175354]","[2.951516398752574e-05, 1.3813631085213274e-05, 1.930101279867813e-05, 1.6584157492616214e-05, 0.08990555256605148]"
7,0.23745952546596527,0.813327431678772,"[[-1.5707963705062866, -0.07582206279039383, 0.008874062448740005], [1.5707963705062866, -0.05001205950975418, 0.05281374976038933], [-1.5707963705062866, -0.32549116015434265, -0.233359232544899], [1.5707963705062866, 0.04446058347821236, -0.11993051320314407], [-1.5707963705062866, -0.04030590131878853, -0.11891134828329086], [0.0, 0.12676584720611572, -0.16355179250240326], [-1.5707963705062866, 0.10348775237798691, -0.042948655784130096]]","[[-1.5707963705062866, -0.06757684051990509, 0.007909058593213558], [1.5707963705062866, -0.04457353055477142, 0.04707055538892746], [-1.5707963705062866, -0.29009583592414856, -0.20798273384571075], [1.5707963705062866, 0.03962574899196625, -0.10688874870538712], [-1.5707963705062866, -0.03592286258935928, -0.10598041117191315], [0.0, 0.11298078298568726, -0.1457664668560028], [-1.5707963705062866, 0.0922340452671051, -0.038278233259916306]]","[[-1.5707963705062866, -0.07393093407154083, 0.0], [1.5707963705062866, -0.0, 0.0], [-1.5707963705062866, -0.3173728883266449, -0.22753888368606567], [1.5707963705062866, 0.0, -0.1169392541050911], [-1.5707963705062866, -0.0, -0.11594551056623459], [0.0, 0.12360411137342453, -0.15947255492210388], [-1.5707963705062866, 0.100906603038311, -0.0]]",,,,,,,,,,,
8,0.15298251807689667,0.8647097945213318,"[[-1.5707963705062866, -0.07193595170974731, 0.005208603572100401], [1.5707963705062866, -0.05402678996324539, 0.05697026476264], [-1.5707963705062866, -0.3289439082145691, -0.23693670332431793], [1.5707963705062866, 0.04779282584786415, -0.12329527735710144], [-1.5707963705062866, -0.04318231716752052, -0.11540934443473816], [0.0, 0.1296558380126953, -0.15987500548362732], [-1.5707963705062866, 0.1067482978105545, -0.046093620359897614]]","[[-1.5707963705062866, -0.06345769017934799, 0.004594725556671619], [1.5707963705062866, -0.04765927791595459, 0.05025583878159523], [-1.5707963705062866, -0.29017511010169983, -0.2090117186307907], [1.5707963705062866, 0.0421600379049778, -0.10876388847827911], [-1.5707963705062866, -0.03809291869401932, -0.1018073782324791], [0.0, 0.1143748089671135, -0.1410323828458786], [-1.5707963705062866, 0.09416711330413818, -0.040661100298166275]]","[[-1.5707963705062866, -0.06626419723033905, 0.0], [1.5707963705062866, -0.0, 0.052478477358818054], [-1.5707963705062866, -0.3030085265636444, -0.21825556457042694], [1.5707963705062866, 0.0, -0.11357413232326508], [-1.5707963705062866, -0.0, -0.10630995780229568], [0.0, 0.1194332018494606, -0.14726974070072174], [-1.5707963705062866, 0.09833179414272308, -0.0]]","[1, 6, 4, 2, 3]","[[[0.0, 0.0, -1.0, 0.28999999165534973], [-0.0, 1.0, 0.0, -0.15833400189876556], [1.0, 0.0, 0.0, 0.0062500000931322575], [0.0, 0.0, 0.0, 1.0]], [[0.0, 0.0, -1.0, 0.28999999165534973], [-0.0, 1.0, 0.0, 0.0], [1.0, 0.0, 0.0, 0.23125000298023224], [0.0, 0.0, 0.0, 1.0]], [[0.0, 0.0, -1.0, 0.28999999165534973], [-0.0, 1.0, 0.0, 0.0], [1.0, 0.0, 0.0, 0.0062500000931322575], [0.0, 0.0, 0.0, 1.0]], [[0.0, 0.0, -1.0, 0.28999999165534973], [-0.0, 1.0, 0.0, -0.15833400189876556], [1.0, 0.0, 0.0, 0.11874999850988388], [0.0, 0.0, 0.0, 1.0]], [[0.0, 0.0, -1.0, 0.28999999165534973], [-0.0, 1.0, 0.0, -0.15833400189876556], [1.0, 0.0, 0.0, 0.23125000298023224], [0.0, 0.0, 0.0, 1.0]]]","[0, 0, 0, 0, 0]","[[3.667050838470459, 0.3390411138534546, 2.5698578357696533, 3.095771074295044, -3.079373359680176, 1.4408661127090454], [3.820810556411743, 0.12225891649723053, 6.840184028078511e-07, 3.019333600997925, 1.182336449623108, 1.0676782131195068], [4.0091705322265625, 0.08595947921276093, 0.3883414566516876, 3.073755979537964, 0.5829713344573975, 2.237447500228882], [3.512533664703369, 0.3586907684803009, 2.6197714805603027, 3.0978050231933594, -2.418611526489258, 0.6392053365707397], [3.621903657913208, 0.5196614861488342, 0.3666576147079468, 2.7129673957824707, 0.43798285722732544, 1.9208099842071533]]","[[[0.04425048828125, 0.331298828125, -0.9423828125, 0.294677734375], [0.15771484375, 0.92919921875, 0.333984375, -0.113037109375], [0.986328125, -0.1634521484375, -0.0111236572265625, 0.008105471730232239], [0.0, 0.0, 0.0, 1.0]], [[8.42846930027008e-08, -5.960464477539063e-08, -1.0, 0.2900390625], [-3.876630216836929e-08, 1.0, -5.960464477539063e-08, -3.597961040213704e-09], [1.0, 3.876630216836929e-08, 8.42846930027008e-08, 0.23125000298023224], [0.0, 0.0, 0.0, 1.0]], [[0.005207061767578125, 0.0345458984375, -0.99951171875, 0.287353515625], [0.0008807182312011719, 0.99951171875, 0.0345458984375, 0.0030498504638671875], [1.0, -0.00106048583984375, 0.0051727294921875, 0.009082034230232239], [0.0, 0.0, 0.0, 1.0]], [[0.07281494140625, 0.367919921875, -0.92724609375, 0.294921875], [0.0997314453125, 0.92236328125, 0.373779296875, -0.10406494140625], [0.9921875, -0.11968994140625, 0.03045654296875, 0.12523193657398224], [0.0, 0.0, 0.0, 1.0]], [[0.01251983642578125, 0.1707763671875, -0.9853515625, 0.281494140625], [-0.0823974609375, 0.98193359375, 0.169189453125, -0.134765625], [0.99658203125, 0.07904052734375, 0.0263671875, 0.23396606743335724], [0.0, 0.0, 0.0, 1.0]]]",0.026125160977244377,0.20025168359279633,0.04601561278104782,"[0.045575570315122604, 3.9070844650268555e-05, 0.004932123236358166, 0.05487596616148949, 0.025203073397278786]","[0.37921619415283203, 0.0, 0.031251270323991776, 0.4004172384738922, 0.19037367403507233]","[0.08686129003763199, 1.381362926622387e-05, 0.007246929220855236, 0.0921902060508728, 0.043765824288129807]"
9,0.4977579116821289,0.6688060760498047,"[[-1.5707963705062866, -0.0684795081615448, 0.0019515907624736428], [1.5707963705062866, -0.05759088322520256, 0.06072249636054039], [-1.5707963705062866, -0.3320065438747406, -0.2401149719953537], [1.5707963705062866, 0.05075206607580185, -0.12628154456615448], [-1.5707963705062866, -0.045734647661447525, -0.1122959554195404], [0.0, 0.132221981883049, -0.1566055715084076], [-1.5707963705062866, 0.1096358522772789, -0.04888737574219704]]","[[-1.5707963705062866, -0.059844888746738434, 0.0017055136850103736], [1.5707963705062866, -0.05032921954989433, 0.053065963089466095], [-1.5707963705062866, -0.2901436686515808, -0.20983874797821045], [1.5707963705062866, 0.044352710247039795, -0.11035864055156708], [-1.5707963705062866, -0.039967942982912064, -0.09813649952411652], [0.0, 0.11555004119873047, -0.13685908913612366], [-1.5707963705062866, 0.09581180661916733, -0.042723141610622406]]","[[-1.5707963705062866, -0.06141236796975136, 0.0], [1.5707963705062866, -0.05164746195077896, 0.05445588752627373], [-1.5707963705062866, -0.2977432310581207, -0.2153349220752716], [1.5707963705062866, 0.0, -0.11324919760227203], [-1.5707963705062866, -0.0, -0.10070692747831345], [0.0, 0.11857657134532928, -0.14044375717639923], [-1.5707963705062866, 0.0983213484287262, -0.0]]",,,,,,,,,,,
10,0.4118524491786957,0.699852466583252,"[[-1.5707963705062866, -0.06538302451372147, -0.0009624718222767115], [1.5707963705062866, -0.06088089942932129, 0.06437406688928604], [-1.5707963705062866, -0.334741473197937, -0.2429600954055786], [1.5707963705062866, 0.053396329283714294, -0.12894630432128906], [-1.5707963705062866, -0.04801112785935402, -0.10950720310211182], [0.0, 0.1345123052597046, -0.15367616713047028], [-1.5707963705062866, 0.11219056695699692, -0.05138667672872543]]","[[-1.5707963705062866, -0.056639254093170166, -0.0008337590261362493], [1.5707963705062866, -0.052739206701517105, 0.05576522648334503], [-1.5707963705062866, -0.28997600078582764, -0.21046867966651917], [1.5707963705062866, 0.04625555872917175, -0.11170212179422379], [-1.5707963705062866, -0.041590526700019836, -0.09486263990402222], [0.0, 0.11652377247810364, -0.13312482833862305], [-1.5707963705062866, 0.09718715399503708, -0.04451465979218483]]","[[-1.5707963705062866, -0.05824871361255646, -0.0], [1.5707963705062866, -0.05423784255981445, 0.05734984949231148], [-1.5707963705062866, -0.29821595549583435, -0.21644935011863708], [1.5707963705062866, 0.0, -0.11487624794244766], [-1.5707963705062866, -0.0, -0.09755825251340866], [0.0, 0.11983490735292435, -0.136907696723938], [-1.5707963705062866, 0.09994882345199585, -0.0]]","[5, 4, 6, 8, 0]","[[[0.0, 0.0, -1.0, 0.28999999165534973], [-0.0, 1.0, 0.0, 0.0], [1.0, 0.0, 0.0, 0.11874999850988388], [0.0, 0.0, 0.0, 1.0]], [[0.0, 0.0, -1.0, 0.28999999165534973], [-0.0, 1.0, 0.0, 0.0], [1.0, 0.0, 0.0, 0.0062500000931322575], [0.0, 0.0, 0.0, 1.0]], [[0.0, 0.0, -1.0, 0.28999999165534973], [-0.0, 1.0, 0.0, 0.0], [1.0, 0.0, 0.0, 0.23125000298023224], [0.0, 0.0, 0.0, 1.0]], [[0.0, 0.0, -1.0, 0.28999999165534973], [-0.0, 1.0, 0.0, 0.15833400189876556], [1.0, 0.0, 0.0, 0.11874999850988388], [0.0, 0.0, 0.0, 1.0]], [[0.0, -0.0, 1.0, 0.15000000596046448], [0.0, 1.0, 0.0, 0.0], [-1.0, 0.0, 0.0, 0.125], [0.0, 0.0, 0.0, 1.0]]]","[0, 0, 0, 0, 0]","[[1.2515532970428467, 1.7901194095611572, -3.088204860687256, -1.3313207626342773, 1.1221132278442383, 1.6743649244308472], [0.6984278559684753, -3.2687828540802, 0.3118959665298462, -0.5949626564979553, -3.0903871059417725, 1.7768391370773315], [0.01064466591924429, 1.8232121467590332, -0.00019585817062761635, 1.3193730115890503, 3.0787417888641357, 1.6446017026901245], [0.5472866892814636, 2.3056211471557617, 8.571169729520989e-08, 0.8359715342521667, -2.3637280464172363, 1.3402183055877686], [-0.893807053565979, 1.8240680694580078, 1.768850950156775e-07, 1.3175245523452759, 0.8390081524848938, -0.1620190143585205]]","[[[0.01294708251953125, -0.042816162109375, -0.9990234375, 0.284423828125], [0.036285400390625, 0.99853515625, -0.04229736328125, 0.00432586669921875], [0.9990234375, -0.035675048828125, 0.0144805908203125, 0.12199707329273224], [0.0, 0.0, 0.0, 1.0]], [[0.1864013671875, 0.59619140625, -0.78076171875, 0.386474609375], [0.2044677734375, 0.75390625, 0.62451171875, 0.291259765625], [0.9609375, -0.276123046875, 0.0185089111328125, -0.02973632514476776], [0.0, 0.0, 0.0, 1.0]], [[-0.0002608299255371094, -0.0009899139404296875, -1.0, 0.290283203125], [-0.00020051002502441406, 1.0, -0.0009899139404296875, -0.0001214742660522461], [1.0, 0.0002002716064453125, -0.00026106834411621094, 0.23121948540210724], [0.0, 0.0, 0.0, 1.0]], [[0.0, -1.0586518328636885e-09, -1.0, 0.2900390625], [-6.282789399847388e-09, 1.0, -1.0586518328636885e-09, 0.1583251953125], [1.0, 6.282789399847388e-09, 0.0, 0.11882324516773224], [0.0, 0.0, 0.0, 1.0]], [[-1.887379141862766e-15, 6.618211045861244e-08, 1.0, 0.1500244140625], [-5.7480065152049065e-08, 1.0, -6.618211045861244e-08, 1.0295480024069548e-08], [-1.0, -5.7480065152049065e-08, 1.887379141862766e-15, 0.12504883110523224], [0.0, 0.0, 0.0, 1.0]]]",0.06342824548482895,0.15690435469150543,0.042032092809677124,"[0.0077685401774942875, 0.30892494320869446, 0.000309670896967873, 8.348149276571348e-05, 5.459150270326063e-05]","[0.05847172439098358, 0.7260500192642212, 0.0, 0.0, 0.0]","[0.013444308191537857, 0.19655784964561462, 0.00010948519775411114, 2.951516398752574e-05, 1.9301010979688726e-05]"
11,0.34633955359458923,0.7304016947746277,"[[-1.5707963705062866, -0.06260295957326889, -0.0035779087338596582], [1.5707963705062866, -0.06385459750890732, 0.06805609166622162], [-1.5707963705062866, -0.33719196915626526, -0.2455146759748459], [1.5707963705062866, 0.055767424404621124, -0.13133350014686584], [-1.5707963705062866, -0.05005047470331192, -0.10700113326311111], [0.0, 0.136564239859581, -0.15104322135448456], [-1.5707963705062866, 0.11445864289999008, -0.0536312535405159]]","[[-1.5707963705062866, -0.05378398671746254, -0.0030738834757357836], [1.5707963705062866, -0.05485930293798447, 0.05846892669796944], [-1.5707963705062866, -0.2896912395954132, -0.21092864871025085], [1.5707963705062866, 0.0479113832116127, -0.11283235251903534], [-1.5707963705062866, -0.042999789118766785, -0.09192772209644318], [0.0, 0.11732622981071472, -0.12976554036140442], [-1.5707963705062866, 0.09833468496799469, -0.04607613757252693]]","[[-1.5707963705062866, -0.055427856743335724, -0.0], [1.5707963705062866, -0.05653604120016098, 0.0602559894323349], [-1.5707963705062866, -0.2985454499721527, -0.21737553179264069], [1.5707963705062866, 0.0, -0.11628099530935287], [-1.5707963705062866, -0.0, -0.09473743289709091], [0.0, 0.12091222405433655, -0.13373173773288727], [-1.5707963705062866, 0.10134021937847137, -0.0]]",,,,,,,,,,,
12,0.2874036133289337,0.7641317844390869,"[[-1.5707963705062866, -0.0600958988070488, -0.005934410262852907], [1.5707963705062866, -0.06640107184648514, 0.07190696895122528], [-1.5707963705062866, -0.3393959105014801, -0.24781766533851624], [1.5707963705062866, 0.05790083482861519, -0.13347753882408142], [-1.5707963705062866, -0.05188305303454399, -0.10474029928445816], [0.0, 0.1384076029062271, -0.14866693317890167], [-1.5707963705062866, 0.11647705733776093, -0.055653028190135956]]","[[-1.5707963705062866, -0.05122833698987961, -0.005058747250586748], [1.5707963705062866, -0.05660313740372658, 0.061296600848436356], [-1.5707963705062866, -0.28931570053100586, -0.21125046908855438], [1.5707963705062866, 0.04935716837644577, -0.11378201097249985], [-1.5707963705062866, -0.04422735050320625, -0.08928515017032623], [0.0, 0.11798460781574249, -0.12673009932041168], [-1.5707963705062866, 0.09929006546735764, -0.047441039234399796]]","[[-1.5707963705062866, -0.05289989709854126, -0.0], [1.5707963705062866, -0.05845007672905922, 0.06329668313264847], [-1.5707963705062866, -0.2987559735774994, -0.218143492937088], [1.5707963705062866, 0.0, -0.11749467253684998], [-1.5707963705062866, -0.0, -0.09219849109649658], [0.0, 0.121834397315979, -0.13086526095867157], [-1.5707963705062866, 0.1025298610329628, -0.0]]","[5, 6, 3, 0, 1]","[[[0.0, 0.0, -1.0, 0.28999999165534973], [-0.0, 1.0, 0.0, 0.0], [1.0, 0.0, 0.0, 0.11874999850988388], [0.0, 0.0, 0.0, 1.0]], [[0.0, 0.0, -1.0, 0.28999999165534973], [-0.0, 1.0, 0.0, 0.0], [1.0, 0.0, 0.0, 0.23125000298023224], [0.0, 0.0, 0.0, 1.0]], [[0.0, 0.0, -1.0, 0.28999999165534973], [-0.0, 1.0, 0.0, -0.15833400189876556], [1.0, 0.0, 0.0, 0.23125000298023224], [0.0, 0.0, 0.0, 1.0]], [[0.0, -0.0, 1.0, 0.15000000596046448], [0.0, 1.0, 0.0, 0.0], [-1.0, 0.0, 0.0, 0.125], [0.0, 0.0, 0.0, 1.0]], [[0.0, 0.0, -1.0, 0.28999999165534973], [-0.0, 1.0, 0.0, -0.15833400189876556], [1.0, 0.0, 0.0, 0.0062500000931322575], [0.0, 0.0, 0.0, 1.0]]]","[0, 0, 0, 0, 0]","[[1.3503297567367554, 1.8260278701782227, -3.0891613960266113, -1.3015354871749878, 1.3898582458496094, 1.5035232305526733], [0.17678631842136383, 1.8636418581008911, 3.734247755460274e-08, 1.2779508829116821, -2.7690956592559814, 1.375085711479187], [1.995152235031128, 0.3274030387401581, -1.432515263557434, -3.1739585399627686, -3.115694284439087, 2.0155038833618164], [-0.8853945732116699, 1.863641619682312, 1.5802356756466907e-07, 1.2779510021209717, 0.7772141098976135, -0.09181249886751175], [-1.9365577697753906, 0.2386072278022766, 1.0497655868530273, -3.1693711280822754, -3.1105360984802246, 0.5315513610839844]]","[[[0.01355743408203125, -0.046142578125, -0.9990234375, 0.285400390625], [0.0257110595703125, 0.99853515625, -0.045806884765625, 0.003124237060546875], [0.99951171875, -0.0250701904296875, 0.0147247314453125, 0.12175293266773224], [0.0, 0.0, 0.0, 1.0]], [[-5.551115123125783e-17, 4.583853296935558e-09, -1.0, 0.2900390625], [-1.2179953046143055e-08, 1.0, 4.583853296935558e-09, 7.293419912457466e-08], [1.0, 1.2179953046143055e-08, 5.551115123125783e-17, 0.23125000298023224], [0.0, 0.0, 0.0, 1.0]], [[0.0733642578125, 0.1597900390625, -0.984375, 0.203857421875], [-0.2900390625, 0.94775390625, 0.1322021484375, -0.0828857421875], [0.9541015625, 0.27587890625, 0.11590576171875, 0.42387694120407104], [0.0, 0.0, 0.0, 1.0]], [[-8.326672684688674e-16, 4.2549800127744675e-08, 1.0, 0.1500244140625], [-4.100729711353779e-08, 1.0, -4.2549800127744675e-08, 2.5538611225783825e-08], [-1.0, -4.100729711353779e-08, 8.881784197001252e-16, 0.12504883110523224], [0.0, 0.0, 0.0, 1.0]], [[0.1278076171875, 0.1021728515625, -0.986328125, 0.194580078125], [0.18603515625, 0.974609375, 0.125, -0.058380126953125], [0.97412109375, -0.199462890625, 0.1055908203125, -0.02058105170726776], [0.0, 0.0, 0.0, 1.0]]]",0.07425502687692642,0.1297162026166916,0.03969250246882439,"[0.0063193985261023045, 3.907091377186589e-05, 0.22409400343894958, 5.4591509979218245e-05, 0.14076805114746094]","[0.05413319543004036, 0.0, 0.3389171361923218, 0.0, 0.2555306851863861]","[0.012387404218316078, 1.3813653822580818e-05, 0.10998357087373734, 1.930101279867813e-05, 0.07605843991041183]"
13,0.014240795746445656,0.98588627576828,"[[-1.5707963705062866, -0.057831380516290665, -0.008061910048127174], [1.5707963705062866, -0.06854623556137085, 0.07585618644952774], [-1.5707963705062866, -0.34138253331184387, -0.24989838898181915], [1.5707963705062866, 0.05982488766312599, -0.1354076862335205], [-1.5707963705062866, -0.05353400856256485, -0.10269644856452942], [0.0, 0.14006738364696503, -0.14651766419410706], [-1.5707963705062866, 0.11827731877565384, -0.057478297501802444]]","[[-1.5707963705062866, -0.04893702641129494, -0.006822003982961178], [1.5707963705062866, -0.05800395831465721, 0.06418965011835098], [-1.5707963705062866, -0.28887856006622314, -0.21146449446678162], [1.5707963705062866, 0.05062393471598625, -0.11458224803209305], [-1.5707963705062866, -0.04530058056116104, -0.08690193295478821], [0.0, 0.11852528899908066, -0.12398353219032288], [-1.5707963705062866, 0.10008649528026581, -0.048638246953487396]]","[[-1.5707963705062866, -0.0, -0.0], [1.5707963705062866, -0.06248413771390915, 0.06914760917425156], [-1.5707963705062866, -0.31119129061698914, -0.22779783606529236], [1.5707963705062866, 0.05453408509492874, -0.12343248724937439], [-1.5707963705062866, -0.0, -0.09361416846513748], [0.0, 0.12768007814884186, -0.133559912443161], [-1.5707963705062866, 0.10781709104776382, -0.0]]",,,,,,,,,,,
14,0.015546786598861217,0.9845983386039734,"[[-1.5707963705062866, -0.05578511580824852, -0.009983533062040806], [1.5707963705062866, -0.07047691941261292, 0.07942964881658554], [-1.5707963705062866, -0.34317365288734436, -0.25177520513534546], [1.5707963705062866, 0.06156069040298462, -0.13715007901191711], [-1.5707963705062866, -0.055024731904268265, -0.10084938257932663], [0.0, 0.14156557619571686, -0.14457501471042633], [-1.5707963705062866, 0.11990256607532501, -0.05912669748067856]]","[[-1.5707963705062866, -0.04688865691423416, -0.008391385897994041], [1.5707963705062866, -0.05923745036125183, 0.06676242500543594], [-1.5707963705062866, -0.28844523429870605, -0.21162277460098267], [1.5707963705062866, 0.05174315720796585, -0.11527775228023529], [-1.5707963705062866, -0.04624953493475914, -0.0847661942243576], [0.0, 0.11898908019065857, -0.1215185821056366], [-1.5707963705062866, 0.10078082978725433, -0.049697332084178925]]","[[-1.5707963705062866, -0.0, -0.0], [1.5707963705062866, -0.06376593559980392, 0.07186616212129593], [-1.5707963705062866, -0.3104957938194275, -0.22780054807662964], [1.5707963705062866, 0.05569873005151749, -0.12409030646085739], [-1.5707963705062866, -0.0, -0.09124625474214554], [0.0, 0.12808534502983093, -0.13080821931362152], [-1.5707963705062866, 0.108485147356987, -0.0]]","[3, 2, 7, 4, 0]","[[[0.0, 0.0, -1.0, 0.28999999165534973], [-0.0, 1.0, 0.0, -0.15833400189876556], [1.0, 0.0, 0.0, 0.23125000298023224], [0.0, 0.0, 0.0, 1.0]], [[0.0, 0.0, -1.0, 0.28999999165534973], [-0.0, 1.0, 0.0, -0.15833400189876556], [1.0, 0.0, 0.0, 0.11874999850988388], [0.0, 0.0, 0.0, 1.0]], [[0.0, 0.0, -1.0, 0.28999999165534973], [-0.0, 1.0, 0.0, 0.15833400189876556], [1.0, 0.0, 0.0, 0.0062500000931322575], [0.0, 0.0, 0.0, 1.0]], [[0.0, 0.0, -1.0, 0.28999999165534973], [-0.0, 1.0, 0.0, 0.0], [1.0, 0.0, 0.0, 0.0062500000931322575], [0.0, 0.0, 0.0, 1.0]], [[0.0, -0.0, 1.0, 0.15000000596046448], [0.0, 1.0, 0.0, 0.0], [-1.0, 0.0, 0.0, 0.125], [0.0, 0.0, 0.0, 1.0]]]","[0, 0, 0, 0, 0]","[[1.6392970085144043, 1.5016404390335083, -3.1384432315826416, -1.6399518251419067, 2.2557618618011475, 0.9545490741729736], [1.7785325050354004, 1.5014348030090332, -3.1384432315826416, -1.64015793800354, 1.6677379608154297, 1.6818091869354248], [1.6101257801055908, 2.4353179931640625, -3.137174606323242, -0.7062733769416809, 2.161651372909546, 1.01590895652771], [-3.0202436447143555, -0.01563454046845436, -3.1353113651275635, 3.125958204269409, 0.5708310008049011, -2.013997793197632], [-1.1631383895874023, 1.704890489578247, 1.1291845680716506e-07, 1.4367021322250366, 0.5989474058151245, -0.19128936529159546]]","[[[1.6833655536174774e-07, -0.0031337738037109375, -1.0, 0.2900390625], [-0.0002149343490600586, 1.0, -0.0031337738037109375, -0.1583251953125], [1.0, 0.0002149343490600586, -5.057081580162048e-07, 0.23125000298023224], [0.0, 0.0, 0.0, 1.0]], [[8.279457688331604e-07, -0.00307464599609375, -1.0, 0.2900390625], [-0.00064849853515625, 1.0, -0.00307464599609375, -0.1583251953125], [1.0, 0.00064849853515625, -1.1650845408439636e-06, 0.11882324516773224], [0.0, 0.0, 0.0, 1.0]], [[7.427297532558441e-07, -0.002864837646484375, -1.0, 0.2900390625], [-0.00010651350021362305, 1.0, -0.002864837646484375, 0.1583251953125], [1.0, 0.00010651350021362305, 4.3748877942562103e-07, 0.006274417042732239], [0.0, 0.0, 0.0, 1.0]], [[-8.486676961183548e-08, -1.2226402759552002e-05, -1.0, 0.2900390625], [9.739398956298828e-05, 1.0, -1.2226402759552002e-05, -1.5944242477416992e-06], [1.0, -9.739398956298828e-05, -8.370261639356613e-08, 0.006274417042732239], [0.0, 0.0, 0.0, 1.0]], [[1.6653345369377348e-16, -1.0048097465187311e-08, 1.0, 0.1500244140625], [-3.1868694350123405e-08, 1.0, 1.0048097465187311e-08, 1.1445081327110529e-08], [-1.0, -3.1868694350123405e-08, -1.1102230246251565e-16, 0.12504883110523224], [0.0, 0.0, 0.0, 1.0]]]",5.42263405804988e-05,0.0,1.9171904568793252e-05,"[4.005105438409373e-05, 8.348149276571348e-05, 4.690708374255337e-05, 4.610054747899994e-05, 5.459150634123944e-05]","[0.0, 0.0, 0.0, 0.0, 0.0]","[1.4160185855871532e-05, 2.951516398752574e-05, 1.6584157492616214e-05, 1.629900543775875e-05, 1.930101279867813e-05]"
15,0.013841599225997925,0.9862625002861023,"[[-1.5707963705062866, -0.05393295735120773, -0.011722058057785034], [1.5707963705062866, -0.07221617549657822, 0.08267001807689667], [-1.5707963705062866, -0.3447909355163574, -0.25347065925598145], [1.5707963705062866, 0.06312712281942368, -0.1387256383895874], [-1.5707963705062866, -0.05637303739786148, -0.09917730838060379], [0.0, 0.14292018115520477, -0.14281614124774933], [-1.5707963705062866, 0.12137223780155182, -0.060617879033088684]]","[[-1.5707963705062866, -0.04505287483334541, -0.009792015887796879], [1.5707963705062866, -0.060325752943754196, 0.0690583661198616], [-1.5707963705062866, -0.2880209684371948, -0.21173660457134247], [1.5707963705062866, 0.05273321643471718, -0.11588440090417862], [-1.5707963705062866, -0.04709119349718094, -0.0828477218747139], [0.0, 0.11938831210136414, -0.11930140107870102], [-1.5707963705062866, 0.10138824582099915, -0.05063711851835251]]","[[-1.5707963705062866, -0.0, -0.0], [1.5707963705062866, -0.0640776976943016, 0.07335343211889267], [-1.5707963705062866, -0.3059343695640564, -0.22490550577640533], [1.5707963705062866, 0.056012943387031555, -0.12309180200099945], [-1.5707963705062866, -0.0, -0.08800041675567627], [0.0, 0.1268136352300644, -0.1267213225364685], [-1.5707963705062866, 0.10769405961036682, -0.05378647893667221]]",,,,,,,,,,,
16,0.014879467897117138,0.9852396249771118,"[[-1.5707963705062866, -0.052254270762205124, -0.013297134079039097], [1.5707963705062866, -0.07378359138965607, 0.08562694489955902], [-1.5707963705062866, -0.34625303745269775, -0.25500431656837463], [1.5707963705062866, 0.06454401463270187, -0.1401521861553192], [-1.5707963705062866, -0.05759430676698685, -0.09766146540641785], [0.0, 0.14414644241333008, -0.141221284866333], [-1.5707963705062866, 0.12270273268222809, -0.06196846440434456]]","[[-1.5707963705062866, -0.04340378940105438, -0.01104495394974947], [1.5707963705062866, -0.06128661707043648, 0.07112401723861694], [-1.5707963705062866, -0.28760698437690735, -0.21181337535381317], [1.5707963705062866, 0.05361197888851166, -0.1164141371846199], [-1.5707963705062866, -0.047839365899562836, -0.08112021535634995], [0.0, 0.11973187327384949, -0.11730215698480606], [-1.5707963705062866, 0.10192015767097473, -0.051472656428813934]]","[[-1.5707963705062866, -0.0, -0.0], [1.5707963705062866, -0.06504924595355988, 0.07549060136079788], [-1.5707963705062866, -0.30526429414749146, -0.2248174250125885], [1.5707963705062866, 0.056903429329395294, -0.12356125563383102], [-1.5707963705062866, -0.0, -0.0861005038022995], [0.0, 0.1270826756954193, -0.12450379878282547], [-1.5707963705062866, 0.10817743837833405, -0.0546327643096447]]","[8, 7, 5, 1, 2]","[[[0.0, 0.0, -1.0, 0.28999999165534973], [-0.0, 1.0, 0.0, 0.15833400189876556], [1.0, 0.0, 0.0, 0.11874999850988388], [0.0, 0.0, 0.0, 1.0]], [[0.0, 0.0, -1.0, 0.28999999165534973], [-0.0, 1.0, 0.0, 0.15833400189876556], [1.0, 0.0, 0.0, 0.0062500000931322575], [0.0, 0.0, 0.0, 1.0]], [[0.0, 0.0, -1.0, 0.28999999165534973], [-0.0, 1.0, 0.0, 0.0], [1.0, 0.0, 0.0, 0.11874999850988388], [0.0, 0.0, 0.0, 1.0]], [[0.0, 0.0, -1.0, 0.28999999165534973], [-0.0, 1.0, 0.0, -0.15833400189876556], [1.0, 0.0, 0.0, 0.0062500000931322575], [0.0, 0.0, 0.0, 1.0]], [[0.0, 0.0, -1.0, 0.28999999165534973], [-0.0, 1.0, 0.0, -0.15833400189876556], [1.0, 0.0, 0.0, 0.11874999850988388], [0.0, 0.0, 0.0, 1.0]]]","[0, 0, 0, 0, 0]","[[0.06457767635583878, 2.2492127418518066, 7.481546759890989e-08, 0.8923799395561218, 1.4230107069015503, -2.929229497909546], [0.5464822053909302, 2.2492127418518066, 9.308642745509133e-08, 0.8923799395561218, 2.3820712566375732, 2.8767998218536377], [0.7513182163238525, 1.726071834564209, 8.184893829366047e-08, 1.4155209064483643, -2.5546417236328125, 1.735163688659668], [3.0788540840148926, 0.5346348285675049, -3.0789384841918945, -2.5949716567993164, 1.3461377620697021, -2.9242491722106934], [2.7999134063720703, 0.4986036717891693, -3.080495834350586, -2.6452784538269043, 0.5508341193199158, -2.4103152751922607]]","[[[5.551115123125783e-17, -4.5460183173418045e-08, -1.0, 0.2900390625], [-2.3992470232769847e-09, 1.0, -4.5460183173418045e-08, 0.1583251953125], [1.0, 2.3992470232769847e-09, -1.1102230246251565e-16, 0.11882324516773224], [0.0, 0.0, 0.0, 1.0]], [[5.551115123125783e-17, -3.364402800798416e-08, -1.0, 0.2900390625], [-2.321030478924513e-09, 1.0, -3.364402800798416e-08, 0.1583251953125], [1.0, 2.321030478924513e-09, 0.0, 0.006274417042732239], [0.0, 0.0, 0.0, 1.0]], [[1.6653345369377348e-16, -1.5788828022778034e-08, -1.0, 0.2900390625], [-2.291926648467779e-08, 1.0, -1.5788828022778034e-08, -2.1143932826817036e-08], [1.0, 2.291926648467779e-08, -2.220446049250313e-16, 0.11882324516773224], [0.0, 0.0, 0.0, 1.0]], [[-0.0014905929565429688, -0.01313018798828125, -1.0, 0.2919921875], [-0.03179931640625, 0.99951171875, -0.01306915283203125, -0.16259765625], [0.99951171875, 0.03179931640625, -0.0019073486328125, 0.004931643605232239], [0.0, 0.0, 0.0, 1.0]], [[0.0007982254028320312, -0.0068511962890625, -1.0, 0.28955078125], [-0.028411865234375, 0.99951171875, -0.006870269775390625, -0.1571044921875], [0.99951171875, 0.0284271240234375, 0.0006031990051269531, 0.11906738579273224], [0.0, 0.0, 0.0, 1.0]]]",0.0012895258842036128,0.012500508688390255,0.0028737380634993315,"[8.348149276571348e-05, 4.690708374255337e-05, 8.301568595925346e-05, 0.004887295421212912, 0.0013469293480738997]","[0.0, 0.0, 0.0, 0.031251270323991776, 0.031251270323991776]","[2.951516398752574e-05, 1.6584157492616214e-05, 2.9350478143896908e-05, 0.007243132218718529, 0.007050108630210161]"
17,0.015579596161842346,0.9845506548881531,"[[-1.5707963705062866, -0.05073105916380882, -0.014725711196660995], [1.5707963705062866, -0.07519906014204025, 0.08832410722970963], [-1.5707963705062866, -0.3475760519504547, -0.2563929855823517], [1.5707963705062866, 0.06582452356815338, -0.14144526422023773], [-1.5707963705062866, -0.058701738715171814, -0.0962856188416481], [0.0, 0.14525775611400604, -0.13977345824241638], [-1.5707963705062866, 0.12390857189893723, -0.06319306790828705]]","[[-1.5707963705062866, -0.04191979765892029, -0.012168065644800663], [1.5707963705062866, -0.06213805824518204, 0.07298347353935242], [-1.5707963705062866, -0.28720706701278687, -0.21186119318008423], [1.5707963705062866, 0.05439174547791481, -0.11687824130058289], [-1.5707963705062866, -0.04850608482956886, -0.07956217974424362], [0.0, 0.12002856284379959, -0.11549680680036545], [-1.5707963705062866, 0.10238742083311081, -0.052217334508895874]]","[[-1.5707963705062866, -0.0, -0.0], [1.5707963705062866, -0.06591292470693588, 0.07741719484329224], [-1.5707963705062866, -0.3046547770500183, -0.2247316837310791], [1.5707963705062866, 0.05769602209329605, -0.12397854775190353], [-1.5707963705062866, -0.0, -0.08439555019140244], [0.0, 0.12732025980949402, -0.12251319736242294], [-1.5707963705062866, 0.10860741883516312, -0.05538951978087425]]",,,,,,,,,,,
18,0.01603136584162712,0.9841070175170898,"[[-1.5707963705062866, -0.049347616732120514, -0.016022739931941032], [1.5707963705062866, -0.07647905498743057, 0.09079083800315857], [-1.5707963705062866, -0.34877410531044006, -0.25765132904052734], [1.5707963705062866, 0.0669834092259407, -0.1426183581352234], [-1.5707963705062866, -0.05970676243305206, -0.09503553807735443], [0.0, 0.14626580476760864, -0.13845773041248322], [-1.5707963705062866, 0.12500229477882385, -0.0643044039607048]]","[[-1.5707963705062866, -0.04058215767145157, -0.013176672160625458], [1.5707963705062866, -0.0628943219780922, 0.07466395199298859], [-1.5707963705062866, -0.28682246804237366, -0.21188554167747498], [1.5707963705062866, 0.05508536100387573, -0.11728551983833313], [-1.5707963705062866, -0.04910124093294144, -0.07815468311309814], [0.0, 0.12028507888317108, -0.11386393010616302], [-1.5707963705062866, 0.10279853641986847, -0.05288221687078476]]","[[-1.5707963705062866, -0.0, -0.0], [1.5707963705062866, -0.06668268889188766, 0.07916124910116196], [-1.5707963705062866, -0.304098904132843, -0.22464822232723236], [1.5707963705062866, 0.058403365314006805, -0.12435007840394974], [-1.5707963705062866, -0.0, -0.0828622430562973], [0.0, 0.1275303214788437, -0.12072239816188812], [-1.5707963705062866, 0.10899049043655396, -0.05606751888990402]]","[8, 9, 2, 4, 6]","[[[0.0, 0.0, -1.0, 0.28999999165534973], [-0.0, 1.0, 0.0, 0.15833400189876556], [1.0, 0.0, 0.0, 0.11874999850988388], [0.0, 0.0, 0.0, 1.0]], [[0.0, 0.0, -1.0, 0.28999999165534973], [-0.0, 1.0, 0.0, 0.15833400189876556], [1.0, 0.0, 0.0, 0.23125000298023224], [0.0, 0.0, 0.0, 1.0]], [[0.0, 0.0, -1.0, 0.28999999165534973], [-0.0, 1.0, 0.0, -0.15833400189876556], [1.0, 0.0, 0.0, 0.11874999850988388], [0.0, 0.0, 0.0, 1.0]], [[0.0, 0.0, -1.0, 0.28999999165534973], [-0.0, 1.0, 0.0, 0.0], [1.0, 0.0, 0.0, 0.0062500000931322575], [0.0, 0.0, 0.0, 1.0]], [[0.0, 0.0, -1.0, 0.28999999165534973], [-0.0, 1.0, 0.0, 0.0], [1.0, 0.0, 0.0, 0.23125000298023224], [0.0, 0.0, 0.0, 1.0]]]","[0, 0, 0, 0, 0]","[[0.9485769271850586, 2.264542579650879, 1.5187623603196698e-07, 0.8770500421524048, -1.7901688814163208, 1.1679493188858032], [0.6464120745658875, 2.264542579650879, 9.255420252429758e-08, 0.8770500421524048, -1.3369643688201904, 0.4125800132751465], [2.0253703594207764, 1.5703949928283691, -3.138451099395752, -1.571197748184204, 2.3508799076080322, 1.2452880144119263], [-1.7619638442993164, -0.08269979804754257, -2.64867594523821e-07, -3.0588929653167725, 1.480190396308899, 1.4702345132827759], [0.6370264291763306, 1.7429341077804565, 6.28320648843328e-08, 1.3986586332321167, -1.8700146675109863, 0.9362447261810303]]","[[[5.551115123125783e-16, 3.597233444452286e-08, -1.0, 0.2900390625], [3.1548552215099335e-08, 1.0, 3.597233444452286e-08, 0.1583251953125], [1.0, -3.1548552215099335e-08, -5.551115123125783e-16, 0.11882324516773224], [0.0, 0.0, 0.0, 1.0]], [[1.6653345369377348e-16, 1.692387741059065e-08, -1.0, 0.2900390625], [2.1085725165903568e-08, 1.0, 1.692387741059065e-08, 0.1583251953125], [1.0, -2.1085725165903568e-08, -2.220446049250313e-16, 0.23125000298023224], [0.0, 0.0, 0.0, 1.0]], [[1.94646418094635e-06, -0.0028228759765625, -1.0, 0.2900390625], [-0.0013790130615234375, 1.0, -0.0028228759765625, -0.1583251953125], [1.0, 0.0013790130615234375, -1.94646418094635e-06, 0.11882324516773224], [0.0, 0.0, 0.0, 1.0]], [[1.1102230246251565e-15, -4.100729711353779e-08, -1.0, 0.2900390625], [-5.2299583330750465e-08, 1.0, -4.100729711353779e-08, 6.421032594516873e-09], [1.0, 5.2299583330750465e-08, -1.1102230246251565e-15, 0.006274417042732239], [0.0, 0.0, 0.0, 1.0]], [[2.7755575615628914e-16, -1.2732925824820995e-08, -1.0, 0.2900390625], [-3.6903657019138336e-08, 1.0, -1.2732925824820995e-08, 1.7075763025786728e-10], [1.0, 3.6903657019138336e-08, -2.220446049250313e-16, 0.23125000298023224], [0.0, 0.0, 0.0, 1.0]]]",5.843156759510748e-05,0.0,2.0658679204643704e-05,"[8.348149276571348e-05, 4.005105438409373e-05, 8.348149276571348e-05, 4.607296796166338e-05, 3.9070844650268555e-05]","[0.0, 0.0, 0.0, 0.0, 0.0]","[2.951516398752574e-05, 1.4160185855871532e-05, 2.951516398752574e-05, 1.6289253835566342e-05, 1.381362926622387e-05]"
19,0.016515621915459633,0.9836332201957703,"[[-1.5707963705062866, -0.0480901300907135, -0.017201177775859833], [1.5707963705062866, -0.07763562351465225, 0.0930495336651802], [-1.5707963705062866, -0.34985947608947754, -0.2587921619415283], [1.5707963705062866, 0.06803148984909058, -0.1436832994222641], [-1.5707963705062866, -0.060619503259658813, -0.09389882534742355], [0.0, 0.14718081057071686, -0.13726107776165009], [-1.5707963705062866, 0.1259949952363968, -0.06531374156475067]]","[[-1.5707963705062866, -0.03937481343746185, -0.014083828777074814], [1.5707963705062866, -0.06356581300497055, 0.07618627697229385], [-1.5707963705062866, -0.28645485639572144, -0.2118915617465973], [1.5707963705062866, 0.055702224373817444, -0.11764374375343323], [-1.5707963705062866, -0.04963350296020508, -0.07688165456056595], [0.0, 0.12050740420818329, -0.11238541454076767], [-1.5707963705062866, 0.10316107422113419, -0.053477007895708084]]","[[-1.5707963705062866, -0.0, -0.0], [1.5707963705062866, -0.06736858189105988, 0.08074405044317245], [-1.5707963705062866, -0.3035917580127716, -0.22456778585910797], [1.5707963705062866, 0.0590345598757267, -0.12468167394399643], [-1.5707963705062866, -0.0, -0.08148103207349777], [0.0, 0.12771664559841156, -0.11910877376794815], [-1.5707963705062866, 0.10933259129524231, -0.0566762238740921]]",,,,,,,,,,,
20,0.018191218376159668,0.98199862241745,"[[-1.5707963705062866, -0.04694633185863495, -0.018272534012794495], [1.5707963705062866, -0.07867994904518127, 0.09511952847242355], [-1.5707963705062866, -0.3508431017398834, -0.2598268985748291], [1.5707963705062866, 0.06897873431444168, -0.14465057849884033], [-1.5707963705062866, -0.06144890561699867, -0.092864491045475], [0.0, 0.14801178872585297, -0.13617195188999176], [-1.5707963705062866, 0.12689648568630219, -0.06623101234436035]]","[[-1.5707963705062866, -0.038283780217170715, -0.014900880865752697], [1.5707963705062866, -0.06416190415620804, 0.07756804674863815], [-1.5707963705062866, -0.2861054241657257, -0.2118835598230362], [1.5707963705062866, 0.05625075846910477, -0.11795961111783981], [-1.5707963705062866, -0.050110336393117905, -0.07572910934686661], [0.0, 0.12070060521364212, -0.1110454648733139], [-1.5707963705062866, 0.10348150879144669, -0.054010044783353806]]","[[-1.5707963705062866, -0.0, -0.0], [1.5707963705062866, -0.06691068410873413, 0.08089116215705872], [-1.5707963705062866, -0.2983625531196594, -0.22096092998981476], [1.5707963705062866, 0.058660611510276794, -0.12301315367221832], [-1.5707963705062866, -0.052257128059864044, -0.0789734423160553], [0.0, 0.12587156891822815, -0.11580279469490051], [-1.5707963705062866, 0.10791479051113129, -0.056323904544115067]]","[8, 9, 4, 0, 6]","[[[0.0, 0.0, -1.0, 0.28999999165534973], [-0.0, 1.0, 0.0, 0.15833400189876556], [1.0, 0.0, 0.0, 0.11874999850988388], [0.0, 0.0, 0.0, 1.0]], [[0.0, 0.0, -1.0, 0.28999999165534973], [-0.0, 1.0, 0.0, 0.15833400189876556], [1.0, 0.0, 0.0, 0.23125000298023224], [0.0, 0.0, 0.0, 1.0]], [[0.0, 0.0, -1.0, 0.28999999165534973], [-0.0, 1.0, 0.0, 0.0], [1.0, 0.0, 0.0, 0.0062500000931322575], [0.0, 0.0, 0.0, 1.0]], [[0.0, -0.0, 1.0, 0.15000000596046448], [0.0, 1.0, 0.0, 0.0], [-1.0, 0.0, 0.0, 0.125], [0.0, 0.0, 0.0, 1.0]], [[0.0, 0.0, -1.0, 0.28999999165534973], [-0.0, 1.0, 0.0, 0.0], [1.0, 0.0, 0.0, 0.23125000298023224], [0.0, 0.0, 0.0, 1.0]]]","[0, 0, 0, 0, 0]","[[0.9569627642631531, 2.2848098278045654, 1.7504608251783793e-07, 0.8567827939987183, -1.4102925062179565, 0.7964586615562439], [0.57042396068573, 2.2848100662231445, 7.652194256024814e-08, 0.8567826747894287, -0.9695690870285034, -0.030803335830569267], [-1.8534718751907349, -0.10440853983163834, 2.8969079721719027e-06, -3.037184238433838, 0.8947767019271851, 1.96414315700531], [-0.8532581329345703, 1.7565255165100098, 1.2154509931860957e-07, 1.3850669860839844, 0.8158302903175354, -0.09829189628362656], [0.66044020652771, 1.7565253973007202, 7.944612434584997e-08, 1.385067343711853, -1.4499815702438354, 0.539625346660614]]","[[[1.685693860054016e-07, 2.3952452465891838e-08, -1.0, 0.2900390625], [9.377254173159599e-08, 1.0, 2.3952452465891838e-08, 0.1583251953125], [1.0, -9.377254173159599e-08, 1.685693860054016e-07, 0.11882324516773224], [0.0, 0.0, 0.0, 1.0]], [[1.887379141862766e-15, -5.4977135732769966e-08, -1.0, 0.2900390625], [-6.752088665962219e-08, 1.0, -5.4977135732769966e-08, 0.1583251953125], [1.0, 6.752088665962219e-08, -1.887379141862766e-15, 0.23125000298023224], [0.0, 0.0, 0.0, 1.0]], [[-6.217248937900877e-15, -3.6368146538734436e-07, -1.0, 0.2900390625], [3.416789695620537e-08, 1.0, -3.6368146538734436e-07, 1.4563556760549545e-07], [1.0, -3.416789695620537e-08, 6.217248937900877e-15, 0.006274417042732239], [0.0, 0.0, 0.0, 1.0]], [[2.528540790081024e-07, 8.312053978443146e-08, 1.0, 0.1500244140625], [5.1048118621110916e-08, 1.0, -8.312053978443146e-08, 7.89295881986618e-08], [-1.0, 5.1048118621110916e-08, 2.528540790081024e-07, 0.12504883110523224], [0.0, 0.0, 0.0, 1.0]], [[3.3306690738754696e-16, -3.9639417082071304e-08, -1.0, 0.2900390625], [-1.5133991837501526e-08, 1.0, -3.9639417082071304e-08, 5.3871190175414085e-08], [1.0, 1.5133991837501526e-08, -2.220446049250313e-16, 0.23125000298023224], [0.0, 0.0, 0.0, 1.0]]]",5.2653638704214245e-05,0.0,1.8615872249938548e-05,"[8.348149276571348e-05, 4.005105438409373e-05, 4.6073200792307034e-05, 5.4591560910921544e-05, 3.9070881030056626e-05]","[0.0, 0.0, 0.0, 0.0, 0.0]","[2.951516398752574e-05, 1.4160185855871532e-05, 1.62893356900895e-05, 1.9301030988572165e-05, 1.3813642908644397e-05]"
21,0.018461165949702263,0.9817363619804382,"[[-1.5707963705062866, -0.04590519890189171, -0.01924695447087288], [1.5707963705062866, -0.0796247199177742, 0.09702068567276001], [-1.5707963705062866, -0.3517346978187561, -0.2607654631137848], [1.5707963705062866, 0.06983216851949692, -0.14552967250347137], [-1.5707963705062866, -0.06219565495848656, -0.09192276746034622], [0.0, 0.1487668752670288, -0.13518016040325165], [-1.5707963705062866, 0.12771549820899963, -0.06706513464450836]]","[[-1.5707963705062866, -0.037296753376722336, -0.015637638047337532], [1.5707963705062866, -0.06469296663999557, 0.07882672548294067], [-1.5707963705062866, -0.2857750654220581, -0.21186499297618866], [1.5707963705062866, 0.0567367784678936, -0.11823898553848267], [-1.5707963705062866, -0.05053231492638588, -0.07468479871749878], [0.0, 0.12086912244558334, -0.10983028262853622], [-1.5707963705062866, 0.10376544296741486, -0.054488636553287506]]","[[-1.5707963705062866, -0.0, -0.0], [1.5707963705062866, -0.06741957366466522, 0.08214902132749557], [-1.5707963705062866, -0.297819584608078, -0.2207944393157959], [1.5707963705062866, 0.0591280572116375, -0.12322238832712173], [-1.5707963705062866, -0.052662093192338943, -0.07783252745866776], [0.0, 0.12596337497234344, -0.11445928364992142], [-1.5707963705062866, 0.10813882946968079, -0.056785162538290024]]",,,,,,,,,,,
22,0.018590565770864487,0.981610894203186,"[[-1.5707963705062866, -0.044957101345062256, -0.0201334897428751], [1.5707963705062866, -0.08048079907894135, 0.09877047687768936], [-1.5707963705062866, -0.352542906999588, -0.26161685585975647], [1.5707963705062866, 0.07060166448354721, -0.1463289111852646], [-1.5707963705062866, -0.06286728382110596, -0.0910649299621582], [0.0, 0.14945317804813385, -0.13427652418613434], [-1.5707963705062866, 0.12845973670482635, -0.06782399117946625]]","[[-1.5707963705062866, -0.03640294820070267, -0.016302617266774178], [1.5707963705062866, -0.06516742706298828, 0.07997705787420273], [-1.5707963705062866, -0.28546327352523804, -0.21183806657791138], [1.5707963705062866, 0.05716802924871445, -0.11848637461662292], [-1.5707963705062866, -0.05090529844164848, -0.07373767346143723], [0.0, 0.12101617455482483, -0.10872723907232285], [-1.5707963705062866, 0.1040172353386879, -0.05491887405514717]]","[[-1.5707963705062866, -0.0, -0.0], [1.5707963705062866, -0.0678747296333313, 0.08329960703849792], [-1.5707963705062866, -0.29732248187065125, -0.22063861787319183], [1.5707963705062866, 0.059543002396821976, -0.123408742249012], [-1.5707963705062866, -0.05302009731531143, -0.07680101692676544], [0.0, 0.1260436475276947, -0.11324417591094971], [-1.5707963705062866, 0.10833850502967834, -0.05720040947198868]]","[3, 9, 2, 0, 8]","[[[0.0, 0.0, -1.0, 0.28999999165534973], [-0.0, 1.0, 0.0, -0.15833400189876556], [1.0, 0.0, 0.0, 0.23125000298023224], [0.0, 0.0, 0.0, 1.0]], [[0.0, 0.0, -1.0, 0.28999999165534973], [-0.0, 1.0, 0.0, 0.15833400189876556], [1.0, 0.0, 0.0, 0.23125000298023224], [0.0, 0.0, 0.0, 1.0]], [[0.0, 0.0, -1.0, 0.28999999165534973], [-0.0, 1.0, 0.0, -0.15833400189876556], [1.0, 0.0, 0.0, 0.11874999850988388], [0.0, 0.0, 0.0, 1.0]], [[0.0, -0.0, 1.0, 0.15000000596046448], [0.0, 1.0, 0.0, 0.0], [-1.0, 0.0, 0.0, 0.125], [0.0, 0.0, 0.0, 1.0]], [[0.0, 0.0, -1.0, 0.28999999165534973], [-0.0, 1.0, 0.0, 0.15833400189876556], [1.0, 0.0, 0.0, 0.11874999850988388], [0.0, 0.0, 0.0, 1.0]]]","[0, 0, 0, 0, 0]","[[1.9224413633346558, 1.6057831048965454, -3.1384494304656982, -1.5358097553253174, 2.828143835067749, 0.664983868598938], [0.5833624601364136, 2.2956244945526123, 8.021487474252353e-08, 0.8459682464599609, -0.9707524180412292, -0.0166814886033535], [2.1652309894561768, 1.605455756187439, -3.1384494304656982, -1.5361371040344238, 2.314633846282959, 1.4212844371795654], [-0.8445655107498169, 1.7676067352294922, 1.4099066447670339e-07, 1.3739858865737915, 0.8258540630340576, -0.09962315112352371], [0.9680195450782776, 2.2956244945526123, 1.484306579868644e-07, 0.8459682464599609, -1.4126676321029663, 0.8098906874656677]]","[[[1.5953555703163147e-06, -0.002948760986328125, -1.0, 0.2900390625], [-0.0010824203491210938, 1.0, -0.002948760986328125, -0.1583251953125], [1.0, 0.0010824203491210938, -1.5953555703163147e-06, 0.23125000298023224], [0.0, 0.0, 0.0, 1.0]], [[4.996003610813204e-16, -3.239256329834461e-08, -1.0, 0.2900390625], [-3.0384398996829987e-08, 1.0, -3.239256329834461e-08, 0.1583251953125], [1.0, 3.0384398996829987e-08, -4.440892098500626e-16, 0.23125000298023224], [0.0, 0.0, 0.0, 1.0]], [[2.205371856689453e-06, -0.00260162353515625, -1.0, 0.2900390625], [-0.0017595291137695312, 1.0, -0.00260162353515625, -0.1583251953125], [1.0, 0.0017595291137695312, -2.3730099201202393e-06, 0.11882324516773224], [0.0, 0.0, 0.0, 1.0]], [[-1.6653345369377348e-16, 7.195922080427408e-09, 1.0, 0.1500244140625], [-4.752655513584614e-08, 1.0, -7.195922080427408e-09, 1.4668330550193787e-07], [-1.0, -4.752655513584614e-08, 1.6653345369377348e-16, 0.12504883110523224], [0.0, 0.0, 0.0, 1.0]], [[0.0, -4.638422979041934e-09, -1.0, 0.2900390625], [-2.0780134946107864e-08, 1.0, -4.638422979041934e-09, 0.1583251953125], [1.0, 2.0780134946107864e-08, 0.0, 0.11882324516773224], [0.0, 0.0, 0.0, 1.0]]]",6.0331356507958844e-05,0.0,2.1330357412807643e-05,"[4.005105438409373e-05, 4.005105438409373e-05, 8.348149276571348e-05, 5.459170279209502e-05, 8.348149276571348e-05]","[0.0, 0.0, 0.0, 0.0, 0.0]","[1.4160185855871532e-05, 1.4160185855871532e-05, 2.951516398752574e-05, 1.9301081920275465e-05, 2.951516398752574e-05]"
23,0.018773304298520088,0.9814335107803345,"[[-1.5707963705062866, -0.044093452394008636, -0.020940281450748444], [1.5707963705062866, -0.08125653117895126, 0.10038412362337112], [-1.5707963705062866, -0.35327544808387756, -0.2623891234397888], [1.5707963705062866, 0.071294404566288, -0.1470557004213333], [-1.5707963705062866, -0.0634700283408165, -0.09028321504592896], [0.0, 0.15007711946964264, -0.1334528923034668], [-1.5707963705062866, 0.1291361302137375, -0.06851450353860855]]","[[-1.5707963705062866, -0.03559296205639839, -0.016903340816497803], [1.5707963705062866, -0.06559161096811295, 0.08103171736001968], [-1.5707963705062866, -0.2851697504520416, -0.2118048220872879], [1.5707963705062866, 0.05755001679062843, -0.11870577931404114], [-1.5707963705062866, -0.05123405158519745, -0.07287809997797012], [0.0, 0.12114471942186356, -0.10772537440061569], [-1.5707963705062866, 0.10424081236124039, -0.05530603602528572]]","[[-1.5707963705062866, -0.0, -0.0], [1.5707963705062866, -0.0682821124792099, 0.08435555547475815], [-1.5707963705062866, -0.29686713218688965, -0.22049283981323242], [1.5707963705062866, 0.05991065874695778, -0.12357497215270996], [-1.5707963705062866, -0.05333562195301056, -0.07586748898029327], [0.0, 0.12611395120620728, -0.11214415729045868], [-1.5707963705062866, 0.10851666331291199, -0.05757463350892067]]",,,,,,,,,,,
24,0.018833259120583534,0.9813752174377441,"[[-1.5707963705062866, -0.043306488543748856, -0.021674711257219315], [1.5707963705062866, -0.08195867389440536, 0.10187337547540665], [-1.5707963705062866, -0.3539392948150635, -0.2630896270275116], [1.5707963705062866, 0.07191700488328934, -0.14771664142608643], [-1.5707963705062866, -0.06400902569293976, -0.089570552110672], [0.0, 0.15064440667629242, -0.1327018141746521], [-1.5707963705062866, 0.12975093722343445, -0.06914292275905609]]","[[-1.5707963705062866, -0.03485846891999245, -0.01744651421904564], [1.5707963705062866, -0.06597056984901428, 0.08200041204690933], [-1.5707963705062866, -0.28489452600479126, -0.21176737546920776], [1.5707963705062866, 0.057887785136699677, -0.11890079826116562], [-1.5707963705062866, -0.05152245610952377, -0.07209756225347519], [0.0, 0.12125742435455322, -0.10681498795747757], [-1.5707963705062866, 0.10443975031375885, -0.0556548573076725]]","[[-1.5707963705062866, -0.0, -0.0], [1.5707963705062866, -0.06864646077156067, 0.08532650023698807], [-1.5707963705062866, -0.2964503765106201, -0.2203570455312729], [1.5707963705062866, 0.06023582071065903, -0.12372363358736038], [-1.5707963705062866, -0.053612302988767624, -0.07502197474241257], [0.0, 0.12617585062980652, -0.11114760488271713], [-1.5707963705062866, 0.10867602378129959, -0.05791231989860535]]","[6, 4, 0, 7, 1]","[[[0.0, 0.0, -1.0, 0.28999999165534973], [-0.0, 1.0, 0.0, 0.0], [1.0, 0.0, 0.0, 0.23125000298023224], [0.0, 0.0, 0.0, 1.0]], [[0.0, 0.0, -1.0, 0.28999999165534973], [-0.0, 1.0, 0.0, 0.0], [1.0, 0.0, 0.0, 0.0062500000931322575], [0.0, 0.0, 0.0, 1.0]], [[0.0, -0.0, 1.0, 0.15000000596046448], [0.0, 1.0, 0.0, 0.0], [-1.0, 0.0, 0.0, 0.125], [0.0, 0.0, 0.0, 1.0]], [[0.0, 0.0, -1.0, 0.28999999165534973], [-0.0, 1.0, 0.0, 0.15833400189876556], [1.0, 0.0, 0.0, 0.0062500000931322575], [0.0, 0.0, 0.0, 1.0]], [[0.0, 0.0, -1.0, 0.28999999165534973], [-0.0, 1.0, 0.0, -0.15833400189876556], [1.0, 0.0, 0.0, 0.0062500000931322575], [0.0, 0.0, 0.0, 1.0]]]","[0, 0, 0, 0, 0]","[[-2.2192280292510986, -0.13647930324077606, -3.1945910450303927e-07, -3.005113363265991, 2.228506088256836, 0.2646544277667999], [-1.8515759706497192, -0.13647940754890442, -1.3483713701134548e-07, -3.005113363265991, 0.9260830879211426, 1.934729814529419], [-0.8374000191688538, 1.7767114639282227, 1.0496347613297985e-07, 1.364881157875061, 0.8346579074859619, -0.10126151144504547], [-1.779687762260437, -0.6643784046173096, -8.291908670798875e-08, -2.4772143363952637, 1.5147231817245483, 1.4179779291152954], [-3.0520551204681396, 0.41000664234161377, 3.136169910430908, -2.73159122467041, 0.598003089427948, -2.084235191345215]]","[[[8.42846930027008e-08, 1.2241798685863614e-09, -1.0, 0.2900390625], [5.4104020819067955e-08, 1.0, 1.2241798685863614e-09, 3.096647560596466e-08], [1.0, -5.4104020819067955e-08, 8.42846930027008e-08, 0.23125000298023224], [0.0, 0.0, 0.0, 1.0]], [[1.3877787807814457e-15, -4.7963112592697144e-08, -1.0, 0.2900390625], [-5.651963874697685e-08, 1.0, -4.7963112592697144e-08, 2.2846506908535957e-08], [1.0, 5.651963874697685e-08, -1.3877787807814457e-15, 0.006274417042732239], [0.0, 0.0, 0.0, 1.0]], [[8.42846930027008e-08, -2.3355823941528797e-08, 1.0, 0.1500244140625], [-3.096647560596466e-08, 1.0, 2.3355823941528797e-08, 8.096685633063316e-08], [-1.0, -3.096647560596466e-08, 8.42846930027008e-08, 0.12504883110523224], [0.0, 0.0, 0.0, 1.0]], [[0.0, -1.5807017916813493e-09, -1.0, 0.2900390625], [1.2587406672537327e-08, 1.0, -1.5807017916813493e-09, 0.1583251953125], [1.0, -1.2587406672537327e-08, 0.0, 0.006274417042732239], [0.0, 0.0, 0.0, 1.0]], [[-3.6531127989292145e-07, -0.00018262863159179688, -1.0, 0.2900390625], [0.0021533966064453125, 1.0, -0.00018262863159179688, -0.1583251953125], [1.0, -0.0021533966064453125, 2.8128852136433125e-08, 0.006274417042732239], [0.0, 0.0, 0.0, 1.0]]]",4.670991256716661e-05,0.0,1.6514448361704126e-05,"[3.907085920218378e-05, 4.6072975237620994e-05, 5.459156454890035e-05, 4.690708374255337e-05, 4.690708374255337e-05]","[0.0, 0.0, 0.0, 0.0, 0.0]","[1.3813634723192081e-05, 1.628925747354515e-05, 1.930103280756157e-05, 1.6584157492616214e-05, 1.6584157492616214e-05]"
25,0.01887122541666031,0.9813381433486938,"[[-1.5707963705062866, -0.04258926212787628, -0.022343358024954796], [1.5707963705062866, -0.08259482681751251, 0.10324893146753311], [-1.5707963705062866, -0.35454070568084717, -0.2637249529361725], [1.5707963705062866, 0.07247499376535416, -0.14831772446632385], [-1.5707963705062866, -0.06448909640312195, -0.08892066776752472], [0.0, 0.15116022527217865, -0.13201671838760376], [-1.5707963705062866, 0.1303097903728485, -0.06971489638090134]]","[[-1.5707963705062866, -0.034192100167274475, -0.017938002943992615], [1.5707963705062866, -0.06630992144346237, 0.08289173245429993], [-1.5707963705062866, -0.2846372723579407, -0.2117273062467575], [1.5707963705062866, 0.05818537250161171, -0.11907447874546051], [-1.5707963705062866, -0.051774024963378906, -0.07138852030038834], [0.0, 0.1213565394282341, -0.10598748177289963], [-1.5707963705062866, 0.10461710393428802, -0.0559694729745388]]","[[-1.5707963705062866, -0.0, -0.0], [1.5707963705062866, -0.0689731016755104, 0.086220882833004], [-1.5707963705062866, -0.29606905579566956, -0.220230832695961], [1.5707963705062866, 0.06052225083112717, -0.12385682761669159], [-1.5707963705062866, -0.05385340750217438, -0.07425567507743835], [0.0, 0.12623053789138794, -0.11024422198534012], [-1.5707963705062866, 0.10881880670785904, -0.058217354118824005]]",,,,,,,,,,,
26,0.018877794966101646,0.9813319444656372,"[[-1.5707963705062866, -0.041935473680496216, -0.022952182218432426], [1.5707963705062866, -0.08317091315984726, 0.1045202687382698], [-1.5707963705062866, -0.3550853431224823, -0.26430097222328186], [1.5707963705062866, 0.0729738101363182, -0.14886431396007538], [-1.5707963705062866, -0.06491626799106598, -0.08832786232233047], [0.0, 0.1516292244195938, -0.13139162957668304], [-1.5707963705062866, 0.13081777095794678, -0.07023554295301437]]","[[-1.5707963705062866, -0.033587247133255005, -0.018383018672466278], [1.5707963705062866, -0.0666138157248497, 0.08371308445930481], [-1.5707963705062866, -0.2843973636627197, -0.21168573200702667], [1.5707963705062866, 0.05844668298959732, -0.11922942101955414], [-1.5707963705062866, -0.05199318006634712, -0.07074415683746338], [0.0, 0.12144391238689423, -0.10523507744073868], [-1.5707963705062866, 0.10477545857429504, -0.05625353008508682]]","[[-1.5707963705062866, -0.0, -0.0], [1.5707963705062866, -0.0692659318447113, 0.08704597502946854], [-1.5707963705062866, -0.2957201600074768, -0.2201136350631714], [1.5707963705062866, 0.060773637145757675, -0.12397633492946625], [-1.5707963705062866, -0.05406320095062256, -0.07356071472167969], [0.0, 0.12627899646759033, -0.10942482948303223], [-1.5707963705062866, 0.10894691199064255, -0.05849316716194153]]","[3, 9, 5, 7, 6]","[[[0.0, 0.0, -1.0, 0.28999999165534973], [-0.0, 1.0, 0.0, -0.15833400189876556], [1.0, 0.0, 0.0, 0.23125000298023224], [0.0, 0.0, 0.0, 1.0]], [[0.0, 0.0, -1.0, 0.28999999165534973], [-0.0, 1.0, 0.0, 0.15833400189876556], [1.0, 0.0, 0.0, 0.23125000298023224], [0.0, 0.0, 0.0, 1.0]], [[0.0, 0.0, -1.0, 0.28999999165534973], [-0.0, 1.0, 0.0, 0.0], [1.0, 0.0, 0.0, 0.11874999850988388], [0.0, 0.0, 0.0, 1.0]], [[0.0, 0.0, -1.0, 0.28999999165534973], [-0.0, 1.0, 0.0, 0.15833400189876556], [1.0, 0.0, 0.0, 0.0062500000931322575], [0.0, 0.0, 0.0, 1.0]], [[0.0, 0.0, -1.0, 0.28999999165534973], [-0.0, 1.0, 0.0, 0.0], [1.0, 0.0, 0.0, 0.23125000298023224], [0.0, 0.0, 0.0, 1.0]]]","[0, 0, 0, 0, 0]","[[1.9062975645065308, 1.6340665817260742, -3.1384451389312744, -1.5075265169143677, 2.8721537590026855, 0.6047412753105164], [0.603577733039856, 2.312105655670166, 8.750602376039751e-08, 0.8294869065284729, -0.9730814099311829, 0.005862800404429436], [0.11141832172870636, 1.7842531204223633, 5.30339008264491e-08, 1.35733962059021, 1.5831769704818726, -3.042555093765259], [-1.7820461988449097, -0.6761417388916016, -9.100324405153515e-08, -2.4654510021209717, 1.5052697658538818, 1.4250730276107788], [-2.224529981613159, -0.14828896522521973, -3.852846930385567e-07, -2.9933037757873535, 2.2325503826141357, 0.25530803203582764]]","[[[1.280568540096283e-06, -0.0029659271240234375, -1.0, 0.2900390625], [-0.0010347366333007812, 1.0, -0.0029659271240234375, -0.1583251953125], [1.0, 0.0010347366333007812, -1.7862766981124878e-06, 0.23125000298023224], [0.0, 0.0, 0.0, 1.0]], [[7.771561172376096e-16, 6.088521331548691e-08, -1.0, 0.2900390625], [2.5989720597863197e-08, 1.0, 6.088521331548691e-08, 0.1583251953125], [1.0, -2.5989720597863197e-08, -7.771561172376096e-16, 0.23125000298023224], [0.0, 0.0, 0.0, 1.0]], [[2.220446049250313e-16, -5.8033037930727005e-08, -1.0, 0.2900390625], [-7.676135282963514e-09, 1.0, -5.8033037930727005e-08, 2.0692823454737663e-08], [1.0, 7.676135282963514e-09, -1.6653345369377348e-16, 0.11882324516773224], [0.0, 0.0, 0.0, 1.0]], [[-2.220446049250313e-16, -9.2186382971704e-09, -1.0, 0.2900390625], [4.508183337748051e-08, 1.0, -9.2186382971704e-09, 0.1583251953125], [1.0, -4.508183337748051e-08, 2.220446049250313e-16, 0.006274417042732239], [0.0, 0.0, 0.0, 1.0]], [[5.551115123125783e-17, -2.6178895495831966e-08, -1.0, 0.2900390625], [-3.09046299662441e-09, 1.0, -2.6178895495831966e-08, 1.1197698768228292e-08], [1.0, 3.09046299662441e-09, -5.551115123125783e-17, 0.23125000298023224], [0.0, 0.0, 0.0, 1.0]]]",4.9819147534435615e-05,0.0,1.7613729141885415e-05,"[4.005105438409373e-05, 4.005105438409373e-05, 8.301568595925346e-05, 4.690708374255337e-05, 3.9070844650268555e-05]","[0.0, 0.0, 0.0, 0.0, 0.0]","[1.4160185855871532e-05, 1.4160185855871532e-05, 2.9350478143896908e-05, 1.6584157492616214e-05, 1.381362926622387e-05]"
27,0.018893565982580185,0.9813169836997986,"[[-1.5707963705062866, -0.04133942350745201, -0.02350655570626259], [1.5707963705062866, -0.08369142562150955, 0.10569585114717484], [-1.5707963705062866, -0.3555782735347748, -0.2648230493068695], [1.5707963705062866, 0.07341814786195755, -0.14936134219169617], [-1.5707963705062866, -0.06529564410448074, -0.08778701722621918], [0.0, 0.15205562114715576, -0.1308211386203766], [-1.5707963705062866, 0.13127954304218292, -0.07070945203304291]]","[[-1.5707963705062866, -0.03303801640868187, -0.01878618262708187], [1.5707963705062866, -0.06688527017831802, 0.0844709649682045], [-1.5707963705062866, -0.28417426347732544, -0.21164368093013763], [1.5707963705062866, 0.05867497995495796, -0.11936794966459274], [-1.5707963705062866, -0.05218356475234032, -0.07015842199325562], [0.0, 0.12152118980884552, -0.10455082356929779], [-1.5707963705062866, 0.10491717606782913, -0.05651022121310234]]","[[-1.5707963705062866, -0.0, -0.0], [1.5707963705062866, -0.06952772289514542, 0.08780817687511444], [-1.5707963705062866, -0.2954011857509613, -0.2200051248073578], [1.5707963705062866, 0.06099306419491768, -0.12408384680747986], [-1.5707963705062866, -0.05424519255757332, -0.07293018698692322], [0.0, 0.12632215023040771, -0.1086813360452652], [-1.5707963705062866, 0.10906215757131577, -0.05874278396368027]]",,,,,,,,,,,
28,0.018959058448672295,0.9812527894973755,"[[-1.5707963705062866, -0.04079592600464821, -0.024011336266994476], [1.5707963705062866, -0.08416149765253067, 0.10678325593471527], [-1.5707963705062866, -0.3560241162776947, -0.26529601216316223], [1.5707963705062866, 0.07381230592727661, -0.14981324970722198], [-1.5707963705062866, -0.06563074886798859, -0.08729349076747894], [0.0, 0.15244324505329132, -0.1303003877401352], [-1.5707963705062866, 0.13169918954372406, -0.071140818297863]]","[[-1.5707963705062866, -0.03253912553191185, -0.01915161684155464], [1.5707963705062866, -0.06712782382965088, 0.08517110347747803], [-1.5707963705062866, -0.28396743535995483, -0.21160203218460083], [1.5707963705062866, 0.05887323245406151, -0.11949213594198227], [-1.5707963705062866, -0.052347563207149506, -0.06962592154741287], [0.0, 0.12158983945846558, -0.10392853617668152], [-1.5707963705062866, 0.10504423081874847, -0.056742433458566666]]","[[-1.5707963705062866, -0.0, -0.0], [1.5707963705062866, -0.06976181268692017, 0.0885130763053894], [-1.5707963705062866, -0.2951098680496216, -0.21990495920181274], [1.5707963705062866, 0.061183322221040726, -0.12418081611394882], [-1.5707963705062866, -0.054401595145463943, -0.07235793024301529], [0.0, 0.12636083364486694, -0.10800652205944061], [-1.5707963705062866, 0.10916599631309509, -0.058968912810087204]]","[3, 8, 5, 0, 1]","[[[0.0, 0.0, -1.0, 0.28999999165534973], [-0.0, 1.0, 0.0, -0.15833400189876556], [1.0, 0.0, 0.0, 0.23125000298023224], [0.0, 0.0, 0.0, 1.0]], [[0.0, 0.0, -1.0, 0.28999999165534973], [-0.0, 1.0, 0.0, 0.15833400189876556], [1.0, 0.0, 0.0, 0.11874999850988388], [0.0, 0.0, 0.0, 1.0]], [[0.0, 0.0, -1.0, 0.28999999165534973], [-0.0, 1.0, 0.0, 0.0], [1.0, 0.0, 0.0, 0.11874999850988388], [0.0, 0.0, 0.0, 1.0]], [[0.0, -0.0, 1.0, 0.15000000596046448], [0.0, 1.0, 0.0, 0.0], [-1.0, 0.0, 0.0, 0.125], [0.0, 0.0, 0.0, 1.0]], [[0.0, 0.0, -1.0, 0.28999999165534973], [-0.0, 1.0, 0.0, -0.15833400189876556], [1.0, 0.0, 0.0, 0.0062500000931322575], [0.0, 0.0, 0.0, 1.0]]]","[0, 0, 0, 0, 0]","[[1.9007571935653687, 1.6440662145614624, -3.1384429931640625, -1.497527003288269, 2.8890624046325684, 0.5822606682777405], [0.15352584421634674, 2.3183815479278564, 1.0651115189830307e-07, 0.8232110738754272, 1.1855666637420654, -2.602837324142456], [0.11719106882810593, 1.790548324584961, 5.1045304871877306e-08, 1.3510444164276123, 1.5825978517532349, -3.036203145980835], [-0.8263601064682007, 1.7905484437942505, 1.2255969750185614e-07, 1.3510441780090332, 0.8491083979606628, -0.1046721339225769], [-3.034194231033325, 0.3885575830936432, 3.1360974311828613, -2.753040075302124, 0.5251040458679199, -1.9935874938964844]]","[[[1.4277175068855286e-06, -0.002971649169921875, -1.0, 0.2900390625], [-0.0010175704956054688, 1.0, -0.002971649169921875, -0.1583251953125], [1.0, 0.0010175704956054688, -1.5962868928909302e-06, 0.23125000298023224], [0.0, 0.0, 0.0, 1.0]], [[3.3306690738754696e-16, 3.864988684654236e-08, -1.0, 0.2900390625], [1.7549609765410423e-08, 1.0, 3.864988684654236e-08, 0.1583251953125], [1.0, -1.7549609765410423e-08, -3.3306690738754696e-16, 0.11882324516773224], [0.0, 0.0, 0.0, 1.0]], [[5.551115123125783e-17, -4.2316969484090805e-08, -1.0, 0.2900390625], [-2.4501787265762687e-09, 1.0, -4.2316969484090805e-08, 3.440072759985924e-08], [1.0, 2.4501787265762687e-09, 0.0, 0.11882324516773224], [0.0, 0.0, 0.0, 1.0]], [[4.440892098500626e-16, -1.760781742632389e-08, 1.0, 0.1500244140625], [-5.1979441195726395e-08, 1.0, 1.760781742632389e-08, 4.17931005358696e-08], [-1.0, -5.1979441195726395e-08, -4.996003610813204e-16, 0.12504883110523224], [0.0, 0.0, 0.0, 1.0]], [[-1.360895112156868e-07, -0.0002129077911376953, -1.0, 0.2900390625], [0.002071380615234375, 1.0, -0.0002129077911376953, -0.1583251953125], [1.0, -0.002071380615234375, 3.0477531254291534e-07, 0.006274417042732239], [0.0, 0.0, 0.0, 1.0]]]",6.160936754895374e-05,0.0,2.178220165660605e-05,"[4.005105438409373e-05, 8.348149276571348e-05, 8.301569323521107e-05, 5.4591520893154666e-05, 4.690708374255337e-05]","[0.0, 0.0, 0.0, 0.0, 0.0]","[1.4160185855871532e-05, 2.951516398752574e-05, 2.935047996288631e-05, 1.9301016436656937e-05, 1.6584157492616214e-05]"
29,0.01900913193821907,0.9812032580375671,"[[-1.5707963705062866, -0.04030025005340576, -0.024470940232276917], [1.5707963705062866, -0.0845860168337822, 0.10778843611478806], [-1.5707963705062866, -0.35642707347869873, -0.265724241733551], [1.5707963705062866, 0.07416043430566788, -0.15022405982017517], [-1.5707963705062866, -0.0659247562289238, -0.08684305846691132], [0.0, 0.15279556810855865, -0.1298249512910843], [-1.5707963705062866, 0.13208043575286865, -0.07153350859880447]]","[[-1.5707963705062866, -0.032085832208395004, -0.019483016803860664], [1.5707963705062866, -0.06734481453895569, 0.08581787347793579], [-1.5707963705062866, -0.2837763726711273, -0.21156154572963715], [1.5707963705062866, 0.05904427915811539, -0.11960382014513016], [-1.5707963705062866, -0.05248728394508362, -0.06914179772138596], [0.0, 0.12165118008852005, -0.10336267203092575], [-1.5707963705062866, 0.10515841841697693, -0.05695280060172081]]","[[-1.5707963705062866, -0.0, -0.0], [1.5707963705062866, -0.06997139006853104, 0.08916493505239487], [-1.5707963705062866, -0.29484421014785767, -0.21981285512447357], [1.5707963705062866, 0.0613471195101738, -0.12426859885454178], [-1.5707963705062866, -0.054534390568733215, -0.07183846086263657], [0.0, 0.1263958066701889, -0.1073940172791481], [-1.5707963705062866, 0.10925979912281036, -0.0591740682721138]]",,,,,,,,,,,
30,0.01909271813929081,0.9811212420463562,"[[-1.5707963705062866, -0.039848148822784424, -0.024889357388019562], [1.5707963705062866, -0.08496949821710587, 0.10871628671884537], [-1.5707963705062866, -0.3567909598350525, -0.26611170172691345], [1.5707963705062866, 0.07446646690368652, -0.15059742331504822], [-1.5707963705062866, -0.06618097424507141, -0.08643191307783127], [0.0, 0.15311568975448608, -0.1293908804655075], [-1.5707963705062866, 0.1324266791343689, -0.07189098000526428]]","[[-1.5707963705062866, -0.03167388588190079, -0.01978367194533348], [1.5707963705062866, -0.0675392597913742, 0.08641473948955536], [-1.5707963705062866, -0.2836005389690399, -0.21152280271053314], [1.5707963705062866, 0.059190768748521805, -0.11970458179712296], [-1.5707963705062866, -0.05260492116212845, -0.06870167702436447], [0.0, 0.12170626223087311, -0.10284824669361115], [-1.5707963705062866, 0.10526129603385925, -0.05714360252022743]]","[[-1.5707963705062866, -0.0, -0.0], [1.5707963705062866, -0.07015934586524963, 0.08976706862449646], [-1.5707963705062866, -0.2946023941040039, -0.2197285145521164], [1.5707963705062866, 0.06148698553442955, -0.12434834241867065], [-1.5707963705062866, -0.05464565008878708, -0.07136685401201248], [0.0, 0.12642766535282135, -0.10683809220790863], [-1.5707963705062866, 0.10934475064277649, -0.059360403567552567]]","[9, 2, 4, 3, 5]","[[[0.0, 0.0, -1.0, 0.28999999165534973], [-0.0, 1.0, 0.0, 0.15833400189876556], [1.0, 0.0, 0.0, 0.23125000298023224], [0.0, 0.0, 0.0, 1.0]], [[0.0, 0.0, -1.0, 0.28999999165534973], [-0.0, 1.0, 0.0, -0.15833400189876556], [1.0, 0.0, 0.0, 0.11874999850988388], [0.0, 0.0, 0.0, 1.0]], [[0.0, 0.0, -1.0, 0.28999999165534973], [-0.0, 1.0, 0.0, 0.0], [1.0, 0.0, 0.0, 0.0062500000931322575], [0.0, 0.0, 0.0, 1.0]], [[0.0, 0.0, -1.0, 0.28999999165534973], [-0.0, 1.0, 0.0, -0.15833400189876556], [1.0, 0.0, 0.0, 0.23125000298023224], [0.0, 0.0, 0.0, 1.0]], [[0.0, 0.0, -1.0, 0.28999999165534973], [-0.0, 1.0, 0.0, 0.0], [1.0, 0.0, 0.0, 0.11874999850988388], [0.0, 0.0, 0.0, 1.0]]]","[0, 0, 0, 0, 0]","[[0.6181780695915222, 2.3236513137817383, 1.1428437574068084e-07, 0.8179413676261902, -0.9747856259346008, 0.02216736599802971], [2.1655068397521973, 1.6517977714538574, -3.1384410858154297, -1.489795446395874, 2.413759708404541, 1.3222886323928833], [-1.8521043062210083, -0.16593775153160095, -2.9112356969562825e-07, -2.9756548404693604, 0.9508461356163025, 1.9094383716583252], [1.8963720798492432, 1.6520631313323975, -3.1384410858154297, -1.489530086517334, 2.9033515453338623, 0.563560962677002], [0.12212719023227692, 1.7958405017852783, 5.2715606102538004e-08, 1.345752239227295, 1.5824779272079468, -3.031147003173828]]","[[[-5.551115123125783e-17, -5.333276931196451e-09, -1.0, 0.2900390625], [2.5902409106492996e-08, 1.0, -5.333276931196451e-09, 0.1583251953125], [1.0, -2.5902409106492996e-08, 5.551115123125783e-17, 0.23125000298023224], [0.0, 0.0, 0.0, 1.0]], [[2.035871148109436e-06, -0.00260162353515625, -1.0, 0.2900390625], [-0.0017604827880859375, 1.0, -0.00260162353515625, -0.1583251953125], [1.0, 0.0017604827880859375, -2.5425106287002563e-06, 0.11882324516773224], [0.0, 0.0, 0.0, 1.0]], [[8.42846930027008e-08, 2.805609256029129e-08, -1.0, 0.2900390625], [1.0669464245438576e-07, 1.0, 2.805609256029129e-08, 6.046320777386427e-09], [1.0, -1.0669464245438576e-07, 8.42846930027008e-08, 0.006274417042732239], [0.0, 0.0, 0.0, 1.0]], [[1.494772732257843e-06, -0.0029754638671875, -1.0, 0.2900390625], [-0.0010051727294921875, 1.0, -0.0029754638671875, -0.1583251953125], [1.0, 0.0010051727294921875, -1.494772732257843e-06, 0.23125000298023224], [0.0, 0.0, 0.0, 1.0]], [[0.0, -2.236629370599985e-08, -1.0, 0.2900390625], [1.724401954561472e-09, 1.0, -2.236629370599985e-08, -1.0899384506046772e-08], [1.0, -1.724401954561472e-09, 0.0, 0.11882324516773224], [0.0, 0.0, 0.0, 1.0]]]",5.8534449635772035e-05,0.0,2.069505353574641e-05,"[4.005105438409373e-05, 8.348149276571348e-05, 4.607296796166338e-05, 4.005105438409373e-05, 8.301568595925346e-05]","[0.0, 0.0, 0.0, 0.0, 0.0]","[1.4160185855871532e-05, 2.951516398752574e-05, 1.6289253835566342e-05, 1.4160185855871532e-05, 2.9350478143896908e-05]"
31,0.01915564201772213,0.9810595512390137,"[[-1.5707963705062866, -0.03943582624197006, -0.02527022734284401], [1.5707963705062866, -0.08531583845615387, 0.10957451909780502], [-1.5707963705062866, -0.35711920261383057, -0.2664619982242584], [1.5707963705062866, 0.07473395019769669, -0.15093666315078735], [-1.5707963705062866, -0.06640243530273438, -0.08605657517910004], [0.0, 0.15340648591518402, -0.12899453938007355], [-1.5707963705062866, 0.1327410787343979, -0.07221631705760956]]","[[-1.5707963705062866, -0.03129947558045387, -0.020056504756212234], [1.5707963705062866, -0.06771358102560043, 0.08696723729372025], [-1.5707963705062866, -0.2834388017654419, -0.2114858776330948], [1.5707963705062866, 0.05931493267416954, -0.11979559063911438], [-1.5707963705062866, -0.05270236358046532, -0.0683014839887619], [0.0, 0.12175584584474564, -0.10238054394721985], [-1.5707963705062866, 0.10535410046577454, -0.05731673538684845]]","[[-1.5707963705062866, -0.0, -0.0], [1.5707963705062866, -0.07032796740531921, 0.0903249979019165], [-1.5707963705062866, -0.294382244348526, -0.2196512371301651], [1.5707963705062866, 0.061605051159858704, -0.12442083656787872], [-1.5707963705062866, -0.05473717674612999, -0.07093857228755951], [0.0, 0.12645678222179413, -0.1063334047794342], [-1.5707963705062866, 0.10942176729440689, -0.059529706835746765]]",,,,,,,,,,,
32,0.01918397657573223,0.9810314178466797,"[[-1.5707963705062866, -0.03905973583459854, -0.025616908445954323], [1.5707963705062866, -0.08562692999839783, 0.11036817729473114], [-1.5707963705062866, -0.35741499066352844, -0.26677846908569336], [1.5707963705062866, 0.07496713846921921, -0.15124472975730896], [-1.5707963705062866, -0.0665927454829216, -0.08571384847164154], [0.0, 0.15367045998573303, -0.1286325305700302], [-1.5707963705062866, 0.13302643597126007, -0.07251236587762833]]","[[-1.5707963705062866, -0.0309591181576252, -0.020304204896092415], [1.5707963705062866, -0.06786871701478958, 0.087478868663311], [-1.5707963705062866, -0.2832905054092407, -0.21145114302635193], [1.5707963705062866, 0.0594196654856205, -0.11987800896167755], [-1.5707963705062866, -0.05278204381465912, -0.06793761253356934], [0.0, 0.12180066853761673, -0.1019553691148758], [-1.5707963705062866, 0.10543801635503769, -0.05747399106621742]]","[[-1.5707963705062866, -0.0, -0.0], [1.5707963705062866, -0.07047804445028305, 0.09084214270114899], [-1.5707963705062866, -0.29418209195137024, -0.2195807546377182], [1.5707963705062866, 0.061704158782958984, -0.12448692321777344], [-1.5707963705062866, -0.05481133982539177, -0.07054959237575531], [0.0, 0.1264835000038147, -0.10587521642446518], [-1.5707963705062866, 0.10949176549911499, -0.059683676809072495]]","[7, 6, 5, 8, 0]","[[[0.0, 0.0, -1.0, 0.28999999165534973], [-0.0, 1.0, 0.0, 0.15833400189876556], [1.0, 0.0, 0.0, 0.0062500000931322575], [0.0, 0.0, 0.0, 1.0]], [[0.0, 0.0, -1.0, 0.28999999165534973], [-0.0, 1.0, 0.0, 0.0], [1.0, 0.0, 0.0, 0.23125000298023224], [0.0, 0.0, 0.0, 1.0]], [[0.0, 0.0, -1.0, 0.28999999165534973], [-0.0, 1.0, 0.0, 0.0], [1.0, 0.0, 0.0, 0.11874999850988388], [0.0, 0.0, 0.0, 1.0]], [[0.0, 0.0, -1.0, 0.28999999165534973], [-0.0, 1.0, 0.0, 0.15833400189876556], [1.0, 0.0, 0.0, 0.11874999850988388], [0.0, 0.0, 0.0, 1.0]], [[0.0, -0.0, 1.0, 0.15000000596046448], [0.0, 1.0, 0.0, 0.0], [-1.0, 0.0, 0.0, 0.125], [0.0, 0.0, 0.0, 1.0]]]","[0, 0, 0, 0, 0]","[[-1.7878072261810303, -0.700246274471283, -7.410915259242756e-08, -2.4413464069366455, 1.4857548475265503, 1.4388269186019897], [-2.2367756366729736, -0.17247463762760162, -4.1391899685550015e-07, -2.969118118286133, 2.2407214641571045, 0.23489151895046234], [-1.897367238998413, -0.172474667429924, -3.0632065772806527e-07, -2.969118118286133, 1.7931370735168457, 1.0218843221664429], [0.15998144447803497, 2.3280868530273438, 1.1321026249788702e-07, 0.8135058283805847, 1.20012629032135, -2.610941171646118], [-0.8184362053871155, 1.800315499305725, 1.150693833551486e-07, 1.3412771224975586, 0.8600012063980103, -0.10764112323522568]]","[[[-3.3306690738754696e-16, -1.0506482794880867e-08, -1.0, 0.2900390625], [6.30388967692852e-08, 1.0, -1.0506482794880867e-08, 0.1583251953125], [1.0, -6.30388967692852e-08, 3.3306690738754696e-16, 0.006274417042732239], [0.0, 0.0, 0.0, 1.0]], [[4.996003610813204e-16, -3.507011570036411e-08, -1.0, 0.2900390625], [-2.639717422425747e-08, 1.0, -3.507011570036411e-08, 1.3960743672214448e-09], [1.0, 2.639717422425747e-08, -4.440892098500626e-16, 0.23125000298023224], [0.0, 0.0, 0.0, 1.0]], [[9.992007221626409e-16, -3.349850885570049e-08, -1.0, 0.2900390625], [-6.105983629822731e-08, 1.0, -3.349850885570049e-08, 5.940819391980767e-09], [1.0, 6.105983629822731e-08, -9.992007221626409e-16, 0.11882324516773224], [0.0, 0.0, 0.0, 1.0]], [[-5.551115123125783e-16, -3.7369318306446075e-08, -1.0, 0.2900390625], [2.9103830456733704e-08, 1.0, -3.7369318306446075e-08, 0.1583251953125], [1.0, -2.9103830456733704e-08, 5.551115123125783e-16, 0.11882324516773224], [0.0, 0.0, 0.0, 1.0]], [[8.42846930027008e-08, -1.886292011477053e-09, 1.0, 0.1500244140625], [-3.1635863706469536e-08, 1.0, 1.886292011477053e-09, 8.102506399154663e-08], [-1.0, -3.1635863706469536e-08, 8.42846930027008e-08, 0.12504883110523224], [0.0, 0.0, 0.0, 1.0]]]",6.14133314229548e-05,0.0,2.171289270336274e-05,"[4.690708374255337e-05, 3.9070844650268555e-05, 8.301568595925346e-05, 8.348149276571348e-05, 5.459156454890035e-05]","[0.0, 0.0, 0.0, 0.0, 0.0]","[1.6584157492616214e-05, 1.381362926622387e-05, 2.9350478143896908e-05, 2.951516398752574e-05, 1.930103280756157e-05]"
33,0.019194943830370903,0.9810203909873962,"[[-1.5707963705062866, -0.0387166403234005, -0.025932401418685913], [1.5707963705062866, -0.08590605109930038, 0.11110018193721771], [-1.5707963705062866, -0.35768118500709534, -0.2670641243457794], [1.5707963705062866, 0.075169138610363, -0.1515243947505951], [-1.5707963705062866, -0.06675451993942261, -0.08540085703134537], [0.0, 0.15391001105308533, -0.12830184400081635], [-1.5707963705062866, 0.1332852840423584, -0.0727817639708519]]","[[-1.5707963705062866, -0.030649688094854355, -0.020529158413410187], [1.5707963705062866, -0.06800676882266998, 0.08795148134231567], [-1.5707963705062866, -0.2831551730632782, -0.2114189714193344], [1.5707963705062866, 0.059506990015506744, -0.11995295435190201], [-1.5707963705062866, -0.052845630794763565, -0.0676068365573883], [0.0, 0.12184151262044907, -0.1015690267086029], [-1.5707963705062866, 0.10551412403583527, -0.05761704593896866]]","[[-1.5707963705062866, -0.0, -0.0], [1.5707963705062866, -0.0706116110086441, 0.09132025390863419], [-1.5707963705062866, -0.2940007746219635, -0.21951687335968018], [1.5707963705062866, 0.061786264181137085, -0.12454746663570404], [-1.5707963705062866, -0.05486975982785225, -0.07019636034965515], [0.0, 0.12650837004184723, -0.10545939207077026], [-1.5707963705062866, 0.10955559462308884, -0.05982393026351929]]",,,,,,,,,,,
34,0.019185194745659828,0.9810291528701782,"[[-1.5707963705062866, -0.03840363398194313, -0.02621946483850479], [1.5707963705062866, -0.0861569419503212, 0.1117747575044632], [-1.5707963705062866, -0.357920378446579, -0.2673216164112091], [1.5707963705062866, 0.07534348964691162, -0.15177814662456512], [-1.5707963705062866, -0.06689061224460602, -0.085114985704422], [0.0, 0.15412725508213043, -0.1279997080564499], [-1.5707963705062866, 0.1335199475288391, -0.07302691042423248]]","[[-1.5707963705062866, -0.030368348583579063, -0.020733503624796867], [1.5707963705062866, -0.06813011318445206, 0.0883878543972969], [-1.5707963705062866, -0.2830318212509155, -0.21138927340507507], [1.5707963705062866, 0.059579189866781235, -0.12002123892307281], [-1.5707963705062866, -0.05289492756128311, -0.06730616837739944], [0.0, 0.12187884002923965, -0.10121802240610123], [-1.5707963705062866, 0.10558324307203293, -0.057747311890125275]]","[[-1.5707963705062866, -0.0, -0.0], [1.5707963705062866, -0.07073097676038742, 0.09176205098628998], [-1.5707963705062866, -0.2938365340232849, -0.21945904195308685], [1.5707963705062866, 0.061853621155023575, -0.1246030405163765], [-1.5707963705062866, -0.054914187639951706, -0.0698755756020546], [0.0, 0.12653155624866486, -0.10508201271295547], [-1.5707963705062866, 0.10961387306451797, -0.05995181202888489]]","[2, 1, 8, 6, 5]","[[[0.0, 0.0, -1.0, 0.28999999165534973], [-0.0, 1.0, 0.0, -0.15833400189876556], [1.0, 0.0, 0.0, 0.11874999850988388], [0.0, 0.0, 0.0, 1.0]], [[0.0, 0.0, -1.0, 0.28999999165534973], [-0.0, 1.0, 0.0, -0.15833400189876556], [1.0, 0.0, 0.0, 0.0062500000931322575], [0.0, 0.0, 0.0, 1.0]], [[0.0, 0.0, -1.0, 0.28999999165534973], [-0.0, 1.0, 0.0, 0.15833400189876556], [1.0, 0.0, 0.0, 0.11874999850988388], [0.0, 0.0, 0.0, 1.0]], [[0.0, 0.0, -1.0, 0.28999999165534973], [-0.0, 1.0, 0.0, 0.0], [1.0, 0.0, 0.0, 0.23125000298023224], [0.0, 0.0, 0.0, 1.0]], [[0.0, 0.0, -1.0, 0.28999999165534973], [-0.0, 1.0, 0.0, 0.0], [1.0, 0.0, 0.0, 0.11874999850988388], [0.0, 0.0, 0.0, 1.0]]]","[0, 0, 0, 0, 0]","[[2.166184663772583, 1.6633353233337402, -3.1384379863739014, -1.4782578945159912, 2.4414055347442627, 1.2952837944030762], [1.981948971748352, 1.6697306632995605, -3.1388046741485596, -1.471963882446289, 1.10641610622406, 2.4457199573516846], [1.0061841011047363, 2.331822156906128, 1.3342722127163142e-07, 0.8097705841064453, -1.4217119216918945, 0.8570996522903442], [-2.2399349212646484, -0.17784541845321655, -3.581471901270561e-07, -2.963747262954712, 2.2428126335144043, 0.22964106500148773], [0.1299620419740677, 1.804111361503601, 5.662595015110128e-08, 1.3374813795089722, 1.5829774141311646, -3.0238118171691895]]","[[[2.3748725652694702e-06, -0.0025997161865234375, -1.0, 0.2900390625], [-0.0017614364624023438, 1.0, -0.0025997161865234375, -0.1583251953125], [1.0, 0.0017614364624023438, -2.207234501838684e-06, 0.11882324516773224], [0.0, 0.0, 0.0, 1.0]], [[0.00033545494079589844, -0.00250244140625, -1.0, 0.2880859375], [-0.0012006759643554688, 1.0, -0.00250244140625, -0.1566162109375], [1.0, 0.001201629638671875, 0.0003323554992675781, 0.008959963917732239], [0.0, 0.0, 0.0, 1.0]], [[8.42846930027008e-08, -5.98374754190445e-08, -1.0, 0.2900390625], [-7.485505193471909e-08, 1.0, -5.98374754190445e-08, 0.1583251953125], [1.0, 7.485505193471909e-08, 8.42846930027008e-08, 0.11882324516773224], [0.0, 0.0, 0.0, 1.0]], [[2.220446049250313e-16, 1.0244548320770264e-08, -1.0, 0.2900390625], [3.498280420899391e-08, 1.0, 1.0244548320770264e-08, 6.057234713807702e-09], [1.0, -3.498280420899391e-08, -1.1102230246251565e-16, 0.23125000298023224], [0.0, 0.0, 0.0, 1.0]], [[1.6653345369377348e-16, -4.604225978255272e-08, -1.0, 0.2900390625], [-7.501512300223112e-09, 1.0, -4.604225978255272e-08, 5.7989382185041904e-09], [1.0, 7.501512300223112e-09, -1.6653345369377348e-16, 0.11882324516773224], [0.0, 0.0, 0.0, 1.0]]]",0.0008050263859331608,0.0,0.0002846198040060699,"[8.348149276571348e-05, 0.0037360824644565582, 8.348149276571348e-05, 3.9070844650268555e-05, 8.301568595925346e-05]","[0.0, 0.0, 0.0, 0.0, 0.0]","[2.951516398752574e-05, 0.0013209045864641666, 2.951516398752574e-05, 1.381362926622387e-05, 2.9350478143896908e-05]"
35,0.019153745844960213,0.9810592532157898,"[[-1.5707963705062866, -0.038118019700050354, -0.026480600237846375], [1.5707963705062866, -0.08638303726911545, 0.11239609122276306], [-1.5707963705062866, -0.3581349849700928, -0.267553448677063], [1.5707963705062866, 0.07549241185188293, -0.1520082950592041], [-1.5707963705062866, -0.06700243800878525, -0.08485382795333862], [0.0, 0.15432415902614594, -0.1277235895395279], [-1.5707963705062866, 0.13373255729675293, -0.07325001060962677]]","[[-1.5707963705062866, -0.030112512409687042, -0.02091917209327221], [1.5707963705062866, -0.06824096292257309, 0.08879078179597855], [-1.5707963705062866, -0.28291985392570496, -0.21136215329170227], [1.5707963705062866, 0.05963757261633873, -0.12008366733789444], [-1.5707963705062866, -0.05293065682053566, -0.06703291833400726], [0.0, 0.12191315740346909, -0.10089921206235886], [-1.5707963705062866, 0.10564618557691574, -0.05786611884832382]]","[[-1.5707963705062866, -0.0, -0.0], [1.5707963705062866, -0.07083829492330551, 0.09217026829719543], [-1.5707963705062866, -0.2936881184577942, -0.219406858086586], [1.5707963705062866, 0.06190745159983635, -0.12465419620275497], [-1.5707963705062866, -0.05494526028633118, -0.06958427280187607], [0.0, 0.12655332684516907, -0.10473956167697906], [-1.5707963705062866, 0.10966721177101135, -0.06006857380270958]]",,,,,,,,,,,
36,0.019135627895593643,0.9810766577720642,"[[-1.5707963705062866, -0.037857379764318466, -0.02671809121966362], [1.5707963705062866, -0.08658643811941147, 0.1129695251584053], [-1.5707963705062866, -0.35832715034484863, -0.26776188611984253], [1.5707963705062866, 0.07561826705932617, -0.15221694111824036], [-1.5707963705062866, -0.06709181517362595, -0.08461520820856094], [0.0, 0.15450254082679749, -0.1274712085723877], [-1.5707963705062866, 0.13392502069473267, -0.07345303148031235]]","[[-1.5707963705062866, -0.02987983264029026, -0.0210878849029541], [1.5707963705062866, -0.06834039092063904, 0.0891638696193695], [-1.5707963705062866, -0.28281816840171814, -0.2113374024629593], [1.5707963705062866, 0.059683505445718765, -0.12014082074165344], [-1.5707963705062866, -0.052953802049160004, -0.06678455322980881], [0.0, 0.12194478511810303, -0.1006096675992012], [-1.5707963705062866, 0.10570348799228668, -0.057974543422460556]]","[[-1.5707963705062866, -0.0, -0.0], [1.5707963705062866, -0.07093460857868195, 0.09254854917526245], [-1.5707963705062866, -0.29355400800704956, -0.21935981512069702], [1.5707963705062866, 0.06194910407066345, -0.12470138818025589], [-1.5707963705062866, -0.054963938891887665, -0.0693197101354599], [0.0, 0.1265738308429718, -0.10442882776260376], [-1.5707963705062866, 0.1097160130739212, -0.06017526984214783]]","[1, 3, 6, 0, 7]","[[[0.0, 0.0, -1.0, 0.28999999165534973], [-0.0, 1.0, 0.0, -0.15833400189876556], [1.0, 0.0, 0.0, 0.0062500000931322575], [0.0, 0.0, 0.0, 1.0]], [[0.0, 0.0, -1.0, 0.28999999165534973], [-0.0, 1.0, 0.0, -0.15833400189876556], [1.0, 0.0, 0.0, 0.23125000298023224], [0.0, 0.0, 0.0, 1.0]], [[0.0, 0.0, -1.0, 0.28999999165534973], [-0.0, 1.0, 0.0, 0.0], [1.0, 0.0, 0.0, 0.23125000298023224], [0.0, 0.0, 0.0, 1.0]], [[0.0, -0.0, 1.0, 0.15000000596046448], [0.0, 1.0, 0.0, 0.0], [-1.0, 0.0, 0.0, 0.125], [0.0, 0.0, 0.0, 1.0]], [[0.0, 0.0, -1.0, 0.28999999165534973], [-0.0, 1.0, 0.0, 0.15833400189876556], [1.0, 0.0, 0.0, 0.0062500000931322575], [0.0, 0.0, 0.0, 1.0]]]","[0, 0, 0, 0, 0]","[[1.96696138381958, 1.6715607643127441, -3.138680934906006, -1.470111608505249, 1.0580596923828125, 2.479189157485962], [1.8877723217010498, 1.6676905155181885, -3.138436794281006, -1.4739025831222534, 2.9344980716705322, 0.5237651467323303], [0.7156242728233337, 1.8073452711105347, 8.235463155870093e-08, 1.334247350692749, -1.3590490818023682, 0.5038769841194153], [-0.8127596974372864, 1.8073453903198242, 1.1183340120624052e-07, 1.33424711227417, 0.868123471736908, -0.11008681356906891], [-1.7905590534210205, -0.709883451461792, -6.487744030891918e-08, -2.4317092895507812, 1.4787378311157227, 1.4430921077728271]]","[[[0.000217437744140625, -0.0026416778564453125, -1.0, 0.288818359375], [-0.001190185546875, 1.0, -0.0026416778564453125, -0.1572265625], [1.0, 0.0011911392211914062, 0.0002143383026123047, 0.007983401417732239], [0.0, 0.0, 0.0, 1.0]], [[1.4612451195716858e-06, -0.0029850006103515625, -1.0, 0.2900390625], [-0.0009794235229492188, 1.0, -0.0029850006103515625, -0.1583251953125], [1.0, 0.0009794235229492188, -1.4612451195716858e-06, 0.23125000298023224], [0.0, 0.0, 0.0, 1.0]], [[8.42846930027008e-08, 8.137430995702744e-08, -1.0, 0.2900390625], [4.289904609322548e-08, 1.0, 8.137430995702744e-08, 1.236185198649764e-08], [1.0, -4.289904609322548e-08, 8.42846930027008e-08, 0.23125000298023224], [0.0, 0.0, 0.0, 1.0]], [[-8.42846930027008e-08, 7.241033017635345e-08, 1.0, 0.1500244140625], [3.899913281202316e-08, 1.0, -7.241033017635345e-08, 4.182220436632633e-08], [-1.0, 3.899913281202316e-08, -8.42846930027008e-08, 0.12504883110523224], [0.0, 0.0, 0.0, 1.0]], [[-8.326672684688674e-16, -2.057640813291073e-08, -1.0, 0.2900390625], [8.067581802606583e-08, 1.0, -2.057640813291073e-08, 0.1583251953125], [1.0, -8.067581802606583e-08, 8.326672684688674e-16, 0.006274417042732239], [0.0, 0.0, 0.0, 1.0]]]",0.0005105651216581464,0.0,0.00018051202641800046,"[0.002372205024585128, 4.005105438409373e-05, 3.9070844650268555e-05, 5.4591520893154666e-05, 4.690708374255337e-05]","[0.0, 0.0, 0.0, 0.0, 0.0]","[0.0008387011475861073, 1.4160185855871532e-05, 1.381362926622387e-05, 1.9301016436656937e-05, 1.6584157492616214e-05]"
37,0.019127866253256798,0.9810835123062134,"[[-1.5707963705062866, -0.03761950135231018, -0.026934031397104263], [1.5707963705062866, -0.0867689922451973, 0.11349951475858688], [-1.5707963705062866, -0.35849884152412415, -0.2679489850997925], [1.5707963705062866, 0.07572297751903534, -0.15240596234798431], [-1.5707963705062866, -0.06716056168079376, -0.08439712971448898], [0.0, 0.15466400980949402, -0.12724046409130096], [-1.5707963705062866, 0.13409915566444397, -0.07363773882389069]]","[[-1.5707963705062866, -0.029668200761079788, -0.02124122343957424], [1.5707963705062866, -0.06842939555644989, 0.08951012790203094], [-1.5707963705062866, -0.28272610902786255, -0.21131497621536255], [1.5707963705062866, 0.05971808359026909, -0.12019326537847519], [-1.5707963705062866, -0.0529654286801815, -0.0665588527917862], [0.0, 0.12197405099868774, -0.10034677386283875], [-1.5707963705062866, 0.10575580596923828, -0.058073583990335464]]","[[-1.5707963705062866, -0.0, -0.0], [1.5707963705062866, -0.07102081924676895, 0.0928998813033104], [-1.5707963705062866, -0.29343295097351074, -0.2193174809217453], [1.5707963705062866, 0.06197961047291756, -0.12474498897790909], [-1.5707963705062866, -0.05497123301029205, -0.0690794363617897], [0.0, 0.126593217253685, -0.10414691269397736], [-1.5707963705062866, 0.10976078361272812, -0.060272831469774246]]",,,,,,,,,,,
38,0.019085422158241272,0.9811246991157532,"[[-1.5707963705062866, -0.03740232437849045, -0.027130339294672012], [1.5707963705062866, -0.08693330734968185, 0.11398973315954208], [-1.5707963705062866, -0.35865190625190735, -0.26811668276786804], [1.5707963705062866, 0.07580821961164474, -0.15257713198661804], [-1.5707963705062866, -0.06720861047506332, -0.0841977670788765], [0.0, 0.1548101007938385, -0.1270294338464737], [-1.5707963705062866, 0.13425657153129578, -0.0738057792186737]]","[[-1.5707963705062866, -0.029475679621100426, -0.021380629390478134], [1.5707963705062866, -0.06850960105657578, 0.08983198553323746], [-1.5707963705062866, -0.2826431095600128, -0.21129493415355682], [1.5707963705062866, 0.05974224582314491, -0.12024158239364624], [-1.5707963705062866, -0.05296514555811882, -0.06635380536317825], [0.0, 0.12200132012367249, -0.10010819137096405], [-1.5707963705062866, 0.10580368340015411, -0.05816417932510376]]","[[-1.5707963705062866, -0.0, -0.0], [1.5707963705062866, -0.07109855115413666, 0.09322670102119446], [-1.5707963705062866, -0.2933240830898285, -0.2192796915769577], [1.5707963705062866, 0.06199987977743149, -0.12478546053171158], [-1.5707963705062866, -0.054966676980257034, -0.06886129081249237], [0.0, 0.12661169469356537, -0.10389123857021332], [-1.5707963705062866, 0.10980196297168732, -0.06036217883229256]]","[7, 3, 0, 6, 1]","[[[0.0, 0.0, -1.0, 0.28999999165534973], [-0.0, 1.0, 0.0, 0.15833400189876556], [1.0, 0.0, 0.0, 0.0062500000931322575], [0.0, 0.0, 0.0, 1.0]], [[0.0, 0.0, -1.0, 0.28999999165534973], [-0.0, 1.0, 0.0, -0.15833400189876556], [1.0, 0.0, 0.0, 0.23125000298023224], [0.0, 0.0, 0.0, 1.0]], [[0.0, -0.0, 1.0, 0.15000000596046448], [0.0, 1.0, 0.0, 0.0], [-1.0, 0.0, 0.0, 0.125], [0.0, 0.0, 0.0, 1.0]], [[0.0, 0.0, -1.0, 0.28999999165534973], [-0.0, 1.0, 0.0, 0.0], [1.0, 0.0, 0.0, 0.23125000298023224], [0.0, 0.0, 0.0, 1.0]], [[0.0, 0.0, -1.0, 0.28999999165534973], [-0.0, 1.0, 0.0, -0.15833400189876556], [1.0, 0.0, 0.0, 0.0062500000931322575], [0.0, 0.0, 0.0, 1.0]]]","[0, 0, 0, 0, 0]","[[-1.7916557788848877, -0.7133955359458923, -5.52371375306393e-08, -2.428197145462036, 1.4766439199447632, 1.4440891742706299], [1.8859152793884277, 1.6709561347961426, -3.1384356021881104, -1.4706369638442993, 2.9419827461242676, 0.5144132971763611], [-0.8105786442756653, 1.8101176023483276, 1.200513111143664e-07, 1.331475019454956, 0.8714397549629211, -0.11122202128171921], [-2.245274782180786, -0.185874342918396, -3.2127877602761146e-07, -2.9557182788848877, 2.2467448711395264, 0.2203688770532608], [1.9612218141555786, 1.6730424165725708, -3.138587236404419, -1.4686106443405151, 1.037889838218689, 2.49368953704834]]","[[[3.3306690738754696e-16, 9.276845958083868e-09, -1.0, 0.2900390625], [7.316702976822853e-08, 1.0, 9.276845958083868e-09, 0.1583251953125], [1.0, -7.316702976822853e-08, -3.3306690738754696e-16, 0.006274417042732239], [0.0, 0.0, 0.0, 1.0]], [[1.3690441846847534e-06, -0.002986907958984375, -1.0, 0.2900390625], [-0.0009737014770507812, 1.0, -0.002986907958984375, -0.1583251953125], [1.0, 0.0009737014770507812, -1.537613570690155e-06, 0.23125000298023224], [0.0, 0.0, 0.0, 1.0]], [[-8.42846930027008e-08, -3.0195224098861217e-09, 1.0, 0.1500244140625], [-4.775938577950001e-08, 1.0, 3.0195224098861217e-09, 5.069887265563011e-08], [-1.0, -4.775938577950001e-08, -8.42846930027008e-08, 0.12504883110523224], [0.0, 0.0, 0.0, 1.0]], [[8.42846930027008e-08, 3.94647940993309e-08, -1.0, 0.2900390625], [8.294591680169106e-08, 1.0, 3.94647940993309e-08, 1.654552761465311e-08], [1.0, -8.294591680169106e-08, 8.42846930027008e-08, 0.23125000298023224], [0.0, 0.0, 0.0, 1.0]], [[0.000133514404296875, -0.002742767333984375, -1.0, 0.289306640625], [-0.0011930465698242188, 1.0, -0.002742767333984375, -0.1575927734375], [1.0, 0.0011930465698242188, 0.0001302957534790039, 0.007373049855232239], [0.0, 0.0, 0.0, 1.0]]]",0.00033887126483023167,0.0,0.00011980908311670646,"[4.690708374255337e-05, 4.005105438409373e-05, 5.459152816911228e-05, 3.907084828824736e-05, 0.0015137357404455543]","[0.0, 0.0, 0.0, 0.0, 0.0]","[1.6584157492616214e-05, 1.4160185855871532e-05, 1.9301020074635744e-05, 1.3813631085213274e-05, 0.0005351864383555949]"
39,0.019032035022974014,0.9811763763427734,"[[-1.5707963705062866, -0.03720400854945183, -0.027308734133839607], [1.5707963705062866, -0.0870807021856308, 0.11444029957056046], [-1.5707963705062866, -0.3587879538536072, -0.2682666778564453], [1.5707963705062866, 0.07587527483701706, -0.1527320146560669], [-1.5707963705062866, -0.06723973900079727, -0.08401548117399216], [0.0, 0.15494215488433838, -0.1268363744020462], [-1.5707963705062866, 0.1343987137079239, -0.07395868003368378]]","[[-1.5707963705062866, -0.029300574213266373, -0.021507402881979942], [1.5707963705062866, -0.0685817077755928, 0.09012916684150696], [-1.5707963705062866, -0.2825688123703003, -0.21127744019031525], [1.5707963705062866, 0.05975670740008354, -0.12028638273477554], [-1.5707963705062866, -0.052955660969018936, -0.06616765260696411], [0.0, 0.12202700972557068, -0.09989188611507416], [-1.5707963705062866, 0.10584771633148193, -0.058247264474630356]]","[[-1.5707963705062866, -0.0, -0.0], [1.5707963705062866, -0.0711684599518776, 0.0935286357998848], [-1.5707963705062866, -0.2932266891002655, -0.21924635767936707], [1.5707963705062866, 0.06201059743762016, -0.12482331693172455], [-1.5707963705062866, -0.05495303124189377, -0.0686633512377739], [0.0, 0.12662959098815918, -0.10365958511829376], [-1.5707963705062866, 0.10984005779027939, -0.060444220900535583]]",,,,,,,,,,,
40,0.019019562751054764,0.9811884164810181,"[[-1.5707963705062866, -0.03702285513281822, -0.0274707842618227], [1.5707963705062866, -0.08721350878477097, 0.1148521900177002], [-1.5707963705062866, -0.3589085340499878, -0.26840052008628845], [1.5707963705062866, 0.07592569291591644, -0.15287207067012787], [-1.5707963705062866, -0.06725620478391647, -0.08384875953197479], [0.0, 0.15506139397621155, -0.12665972113609314], [-1.5707963705062866, 0.13452695310115814, -0.07409782707691193]]","[[-1.5707963705062866, -0.029141299426555634, -0.021622706204652786], [1.5707963705062866, -0.06864719092845917, 0.09040205180644989], [-1.5707963705062866, -0.28250283002853394, -0.21126246452331543], [1.5707963705062866, 0.05976236239075661, -0.12032812833786011], [-1.5707963705062866, -0.052938465029001236, -0.06599874049425125], [0.0, 0.12205138057470322, -0.09969595074653625], [-1.5707963705062866, 0.10588838160037994, -0.05832362174987793]]","[[-1.5707963705062866, -0.0, -0.0], [1.5707963705062866, -0.07123199850320816, 0.09380600601434708], [-1.5707963705062866, -0.2931400537490845, -0.2192172259092331], [1.5707963705062866, 0.062012623995542526, -0.12485890090465546], [-1.5707963705062866, -0.05493178218603134, -0.06848382204771042], [0.0, 0.12664704024791718, -0.10344985127449036], [-1.5707963705062866, 0.10987544804811478, -0.06051970645785332]]","[7, 1, 0, 6, 4]","[[[0.0, 0.0, -1.0, 0.28999999165534973], [-0.0, 1.0, 0.0, 0.15833400189876556], [1.0, 0.0, 0.0, 0.0062500000931322575], [0.0, 0.0, 0.0, 1.0]], [[0.0, 0.0, -1.0, 0.28999999165534973], [-0.0, 1.0, 0.0, -0.15833400189876556], [1.0, 0.0, 0.0, 0.0062500000931322575], [0.0, 0.0, 0.0, 1.0]], [[0.0, -0.0, 1.0, 0.15000000596046448], [0.0, 1.0, 0.0, 0.0], [-1.0, 0.0, 0.0, 0.125], [0.0, 0.0, 0.0, 1.0]], [[0.0, 0.0, -1.0, 0.28999999165534973], [-0.0, 1.0, 0.0, 0.0], [1.0, 0.0, 0.0, 0.23125000298023224], [0.0, 0.0, 0.0, 1.0]], [[0.0, 0.0, -1.0, 0.28999999165534973], [-0.0, 1.0, 0.0, 0.0], [1.0, 0.0, 0.0, 0.0062500000931322575], [0.0, 0.0, 0.0, 1.0]]]","[0, 0, 0, 0, 0]","[[1.117830753326416, 2.339902639389038, 1.759076724283659e-07, 0.8016901612281799, -2.1701877117156982, 1.7172218561172485], [1.9637891054153442, 1.674025058746338, -3.1385059356689453, -1.4676145315170288, 1.04268479347229, 2.491520881652832], [-0.8087712526321411, 1.8125152587890625, 1.0349174317525467e-07, 1.3290773630142212, 0.8743175864219666, -0.11229252815246582], [-2.247555732727051, -0.18883739411830902, -4.00507815356832e-07, -2.9527552127838135, 2.2487356662750244, 0.2160971760749817], [-1.8529452085494995, -0.18883764743804932, 6.314130587270483e-07, -2.9527549743652344, 0.975602388381958, 1.8838419914245605]]","[[[8.42846930027008e-08, -1.4311808627098799e-08, -1.0, 0.2900390625], [-8.213100954890251e-08, 1.0, -1.4311808627098799e-08, 0.1583251953125], [1.0, 8.213100954890251e-08, 8.42846930027008e-08, 0.006274417042732239], [0.0, 0.0, 0.0, 1.0]], [[6.341934204101562e-05, -0.002819061279296875, -1.0, 0.28955078125], [-0.0012187957763671875, 1.0, -0.002819061279296875, -0.157958984375], [1.0, 0.0012187957763671875, 5.9992074966430664e-05, 0.006762698292732239], [0.0, 0.0, 0.0, 1.0]], [[-8.42846930027008e-08, -1.3875251170247793e-08, 1.0, 0.1500244140625], [-2.4694600142538548e-08, 1.0, 1.3875251170247793e-08, 1.3133103493601084e-08], [-1.0, -2.4694600142538548e-08, -8.42846930027008e-08, 0.12504883110523224], [0.0, 0.0, 0.0, 1.0]], [[2.3314683517128287e-15, 6.187474355101585e-08, -1.0, 0.2900390625], [7.532071322202682e-08, 1.0, 6.187474355101585e-08, 2.2526364773511887e-08], [1.0, -7.532071322202682e-08, -2.3869795029440866e-15, 0.23125000298023224], [0.0, 0.0, 0.0, 1.0]], [[-8.715250743307479e-15, -1.434236764907837e-07, -1.0, 0.2900390625], [1.21421180665493e-07, 1.0, -1.434236764907837e-07, 1.3690441846847534e-07], [1.0, -1.21421180665493e-07, 8.715250743307479e-15, 0.006274417042732239], [0.0, 0.0, 0.0, 1.0]]]",0.00019292898650746793,0.0,6.821069837315008e-05,"[4.690708374255337e-05, 0.0007780023152008653, 5.459150634123944e-05, 3.907085192622617e-05, 4.607317168847658e-05]","[0.0, 0.0, 0.0, 0.0, 0.0]","[1.6584157492616214e-05, 0.0002750653657130897, 1.930101279867813e-05, 1.3813631994707976e-05, 1.6289326595142484e-05]"
41,0.018948903307318687,0.9812572598457336,"[[-1.5707963705062866, -0.03685734048485756, -0.027617931365966797], [1.5707963705062866, -0.08733319491147995, 0.1152285784482956], [-1.5707963705062866, -0.35901498794555664, -0.26851963996887207], [1.5707963705062866, 0.07596087455749512, -0.15299861133098602], [-1.5707963705062866, -0.067259281873703, -0.08369622379541397], [0.0, 0.15516896545886993, -0.1264980286359787], [-1.5707963705062866, 0.13464251160621643, -0.07422444224357605]]","[[-1.5707963705062866, -0.02899642288684845, -0.02172759175300598], [1.5707963705062866, -0.06870681047439575, 0.09065267443656921], [-1.5707963705062866, -0.28244441747665405, -0.21124988794326782], [1.5707963705062866, 0.059759970754384995, -0.120367132127285], [-1.5707963705062866, -0.052914250642061234, -0.06584552675485611], [0.0, 0.12207459658384323, -0.09951858222484589], [-1.5707963705062866, 0.105926014482975, -0.05839388445019722]]","[[-1.5707963705062866, -0.0, -0.0], [1.5707963705062866, -0.07128991186618805, 0.09406085312366486], [-1.5707963705062866, -0.2930631935596466, -0.2191920429468155], [1.5707963705062866, 0.06200670823454857, -0.124892458319664], [-1.5707963705062866, -0.05490361526608467, -0.06832105666399002], [0.0, 0.12666411697864532, -0.1032600849866867], [-1.5707963705062866, 0.10990840941667557, -0.0605892613530159]]",,,,,,,,,,,
42,0.018872613087296486,0.981331467628479,"[[-1.5707963705062866, -0.03670607879757881, -0.02775149792432785], [1.5707963705062866, -0.08744099736213684, 0.11557290703058243], [-1.5707963705062866, -0.3591085374355316, -0.2686253786087036], [1.5707963705062866, 0.07598212361335754, -0.15311282873153687], [-1.5707963705062866, -0.06725002825260162, -0.08355662226676941], [0.0, 0.1552659124135971, -0.12634995579719543], [-1.5707963705062866, 0.1347465217113495, -0.07433964312076569]]","[[-1.5707963705062866, -0.028864644467830658, -0.021823009476065636], [1.5707963705062866, -0.0687611848115921, 0.09088333696126938], [-1.5707963705062866, -0.2823930084705353, -0.21123956143856049], [1.5707963705062866, 0.05975024029612541, -0.12040369212627411], [-1.5707963705062866, -0.052883561700582504, -0.06570661813020706], [0.0, 0.12209681421518326, -0.09935811161994934], [-1.5707963705062866, 0.10596093535423279, -0.058458637446165085]]","[[-1.5707963705062866, -0.0, -0.0], [1.5707963705062866, -0.07134277373552322, 0.09429548680782318], [-1.5707963705062866, -0.29299524426460266, -0.21917040646076202], [1.5707963705062866, 0.061993520706892014, -0.12492416799068451], [-1.5707963705062866, -0.05486903712153435, -0.06817352771759033], [0.0, 0.12668085098266602, -0.10308844596147537], [-1.5707963705062866, 0.10993916541337967, -0.06065342575311661]]","[6, 2, 5, 9, 7]","[[[0.0, 0.0, -1.0, 0.28999999165534973], [-0.0, 1.0, 0.0, 0.0], [1.0, 0.0, 0.0, 0.23125000298023224], [0.0, 0.0, 0.0, 1.0]], [[0.0, 0.0, -1.0, 0.28999999165534973], [-0.0, 1.0, 0.0, -0.15833400189876556], [1.0, 0.0, 0.0, 0.11874999850988388], [0.0, 0.0, 0.0, 1.0]], [[0.0, 0.0, -1.0, 0.28999999165534973], [-0.0, 1.0, 0.0, 0.0], [1.0, 0.0, 0.0, 0.11874999850988388], [0.0, 0.0, 0.0, 1.0]], [[0.0, 0.0, -1.0, 0.28999999165534973], [-0.0, 1.0, 0.0, 0.15833400189876556], [1.0, 0.0, 0.0, 0.23125000298023224], [0.0, 0.0, 0.0, 1.0]], [[0.0, 0.0, -1.0, 0.28999999165534973], [-0.0, 1.0, 0.0, 0.15833400189876556], [1.0, 0.0, 0.0, 0.0062500000931322575], [0.0, 0.0, 0.0, 1.0]]]","[0, 0, 0, 0, 0]","[[0.7236977815628052, 1.8146058320999146, 8.427853970260912e-08, 1.3269869089126587, -1.3480807542800903, 0.5009821057319641], [2.167611837387085, 1.6753228902816772, -3.138434410095215, -1.4662704467773438, 2.4751384258270264, 1.2629399299621582], [0.1397637128829956, 1.814605712890625, 5.591252261183399e-08, 1.3269870281219482, 1.5849601030349731, -3.0159926414489746], [0.6421685218811035, 2.341832160949707, 9.012711643663351e-08, 0.7997605204582214, -0.9770733118057251, 0.0484454371035099], [-1.7932953834533691, -0.7184844017028809, -4.3400291360740084e-08, -2.4231083393096924, 1.4748634099960327, 1.444230079650879]]","[[[2.220446049250313e-16, -2.597516868263483e-08, -1.0, 0.2900390625], [-1.5541445463895798e-08, 1.0, -2.597516868263483e-08, 1.658918336033821e-08], [1.0, 1.5541445463895798e-08, -2.220446049250313e-16, 0.23125000298023224], [0.0, 0.0, 0.0, 1.0]], [[2.462416887283325e-06, -0.002597808837890625, -1.0, 0.2900390625], [-0.0017652511596679688, 1.0, -0.002597808837890625, -0.1583251953125], [1.0, 0.0017652511596679688, -2.125278115272522e-06, 0.11882324516773224], [0.0, 0.0, 0.0, 1.0]], [[1.6653345369377348e-16, -4.298635758459568e-08, -1.0, 0.2900390625], [-9.655195754021406e-09, 1.0, -4.298635758459568e-08, -1.7505954019725323e-08], [1.0, 9.655195754021406e-09, -1.6653345369377348e-16, 0.11882324516773224], [0.0, 0.0, 0.0, 1.0]], [[2.220446049250313e-16, -5.084439180791378e-08, -1.0, 0.2900390625], [-9.720679372549057e-09, 1.0, -5.084439180791378e-08, 0.1583251953125], [1.0, 9.720679372549057e-09, -2.7755575615628914e-16, 0.23125000298023224], [0.0, 0.0, 0.0, 1.0]], [[8.42846930027008e-08, -1.1015799827873707e-08, -1.0, 0.2900390625], [-7.661583367735147e-09, 1.0, -1.1015799827873707e-08, 0.1583251953125], [1.0, 7.661583367735147e-09, 8.42846930027008e-08, 0.006274417042732239], [0.0, 0.0, 0.0, 1.0]]]",5.8505229389993474e-05,0.0,2.0684723494923674e-05,"[3.907084828824736e-05, 8.348149276571348e-05, 8.301568595925346e-05, 4.005105438409373e-05, 4.690708374255337e-05]","[0.0, 0.0, 0.0, 0.0, 0.0]","[1.3813631085213274e-05, 2.951516398752574e-05, 2.9350478143896908e-05, 1.4160185855871532e-05, 1.6584157492616214e-05]"
43,0.018862314522266388,0.9813413619995117,"[[-1.5707963705062866, -0.036567796021699905, -0.027872690930962563], [1.5707963705062866, -0.08753769844770432, 0.11588796973228455], [-1.5707963705062866, -0.3591903746128082, -0.2687188684940338], [1.5707963705062866, 0.07599068433046341, -0.15321582555770874], [-1.5707963705062866, -0.06722962111234665, -0.08342880010604858], [0.0, 0.15535315871238708, -0.12621429562568665], [-1.5707963705062866, 0.1348400115966797, -0.07444444298744202]]","[[-1.5707963705062866, -0.028744768351316452, -0.02190982550382614], [1.5707963705062866, -0.06881056725978851, 0.09109580516815186], [-1.5707963705062866, -0.28234800696372986, -0.2112312614917755], [1.5707963705062866, 0.059733834117650986, -0.12043803185224533], [-1.5707963705062866, -0.05284704267978668, -0.06558069586753845], [0.0, 0.12211812287569046, -0.09921300411224365], [-1.5707963705062866, 0.10599339753389359, -0.05851838365197182]]","[[-1.5707963705062866, -0.0, -0.0], [1.5707963705062866, -0.07139082252979279, 0.0945117175579071], [-1.5707963705062866, -0.29293549060821533, -0.21915200352668762], [1.5707963705062866, 0.061973731964826584, -0.1249542161822319], [-1.5707963705062866, -0.0548286996781826, -0.06803984194993973], [0.0, 0.12669730186462402, -0.10293329507112503], [-1.5707963705062866, 0.10996793955564499, -0.06071270629763603]]",,,,,,,,,,,
44,0.018788758665323257,0.9814130663871765,"[[-1.5707963705062866, -0.03644130006432533, -0.027982618659734726], [1.5707963705062866, -0.08762473613023758, 0.1161760687828064], [-1.5707963705062866, -0.35926154255867004, -0.268801212310791], [1.5707963705062866, 0.07598749548196793, -0.15330862998962402], [-1.5707963705062866, -0.06719882041215897, -0.08331169933080673], [0.0, 0.1554315835237503, -0.1260899305343628], [-1.5707963705062866, 0.13492390513420105, -0.07453979551792145]]","[[-1.5707963705062866, -0.028635689988732338, -0.02198883146047592], [1.5707963705062866, -0.06885579973459244, 0.09129152446985245], [-1.5707963705062866, -0.2823088765144348, -0.21122485399246216], [1.5707963705062866, 0.05971121788024902, -0.12047041207551956], [-1.5707963705062866, -0.05280504748225212, -0.06546659767627716], [0.0, 0.12213863432407379, -0.09908187389373779], [-1.5707963705062866, 0.1060236394405365, -0.058573611080646515]]","[[-1.5707963705062866, -0.0, -0.0], [1.5707963705062866, -0.07143490016460419, 0.09471099078655243], [-1.5707963705062866, -0.2928831875324249, -0.21913661062717438], [1.5707963705062866, 0.061947792768478394, -0.1249828189611435], [-1.5707963705062866, -0.054782941937446594, -0.06791874766349792], [0.0, 0.12671352922916412, -0.1027931347489357], [-1.5707963705062866, 0.10999491810798645, -0.06076757609844208]]","[1, 5, 4, 6, 0]","[[[0.0, 0.0, -1.0, 0.28999999165534973], [-0.0, 1.0, 0.0, -0.15833400189876556], [1.0, 0.0, 0.0, 0.0062500000931322575], [0.0, 0.0, 0.0, 1.0]], [[0.0, 0.0, -1.0, 0.28999999165534973], [-0.0, 1.0, 0.0, 0.0], [1.0, 0.0, 0.0, 0.11874999850988388], [0.0, 0.0, 0.0, 1.0]], [[0.0, 0.0, -1.0, 0.28999999165534973], [-0.0, 1.0, 0.0, 0.0], [1.0, 0.0, 0.0, 0.0062500000931322575], [0.0, 0.0, 0.0, 1.0]], [[0.0, 0.0, -1.0, 0.28999999165534973], [-0.0, 1.0, 0.0, 0.0], [1.0, 0.0, 0.0, 0.23125000298023224], [0.0, 0.0, 0.0, 1.0]], [[0.0, -0.0, 1.0, 0.15000000596046448], [0.0, 1.0, 0.0, 0.0], [-1.0, 0.0, 0.0, 0.125], [0.0, 0.0, 0.0, 1.0]]]","[0, 0, 0, 0, 0]","[[2.0073494911193848, 1.67633056640625, -3.1384429931640625, -1.4652795791625977, 1.171661615371704, 2.406144380569458], [0.1413242220878601, 1.816444754600525, 5.158102567293099e-08, 1.3251479864120483, 1.585371494293213, -3.014843702316284], [-1.8524036407470703, -0.19322997331619263, 4.050270945299417e-07, -2.9483628273010254, 0.9847739934921265, 1.8752115964889526], [0.7256433367729187, 1.8164448738098145, 6.91974548772123e-08, 1.3251477479934692, -1.3455735445022583, 0.5004205107688904], [-0.8061028718948364, 1.8164448738098145, 1.1365710861355183e-07, 1.3251476287841797, 0.8788871169090271, -0.1141936331987381]]","[[[9.819865226745605e-06, -0.00283050537109375, -1.0, 0.2900390625], [-0.0013399124145507812, 1.0, -0.00283050537109375, -0.1583251953125], [1.0, 0.0013399124145507812, 6.027519702911377e-06, 0.006396487355232239], [0.0, 0.0, 0.0, 1.0]], [[3.3306690738754696e-16, -4.9534719437360764e-08, -1.0, 0.2900390625], [-1.2863893061876297e-08, 1.0, -4.9534719437360764e-08, 1.280568540096283e-08], [1.0, 1.2863893061876297e-08, -3.3306690738754696e-16, 0.11882324516773224], [0.0, 0.0, 0.0, 1.0]], [[3.83026943495679e-15, -1.5995465219020844e-07, -1.0, 0.2900390625], [-4.793400876224041e-08, 1.0, -1.5995465219020844e-07, 8.899951353669167e-08], [1.0, 4.793400876224041e-08, -3.885780586188048e-15, 0.006274417042732239], [0.0, 0.0, 0.0, 1.0]], [[1.5543122344752192e-15, 6.647314876317978e-08, -1.0, 0.2900390625], [4.729372449219227e-08, 1.0, 6.647314876317978e-08, 3.314926289021969e-08], [1.0, -4.729372449219227e-08, -1.6653345369377348e-15, 0.23125000298023224], [0.0, 0.0, 0.0, 1.0]], [[1.942890293094024e-15, 8.667120710015297e-08, 1.0, 0.1500244140625], [4.5227352529764175e-08, 1.0, -8.667120710015297e-08, 3.387685865163803e-08], [-1.0, 4.5227352529764175e-08, -1.942890293094024e-15, 0.12504883110523224], [0.0, 0.0, 0.0, 1.0]]]",7.49229802750051e-05,0.0,2.6489273295737803e-05,"[0.00015186377277132124, 8.301568595925346e-05, 4.607305527315475e-05, 3.907085920218378e-05, 5.459151361719705e-05]","[0.0, 0.0, 0.0, 0.0, 0.0]","[5.369195423554629e-05, 2.9350478143896908e-05, 1.6289284758386202e-05, 1.3813634723192081e-05, 1.9301014617667533e-05]"
45,0.01873251609504223,0.9814676642417908,"[[-1.5707963705062866, -0.03632557764649391, -0.02808227762579918], [1.5707963705062866, -0.08770269900560379, 0.1164386197924614], [-1.5707963705062866, -0.3593229353427887, -0.2688734233379364], [1.5707963705062866, 0.07597368210554123, -0.15339213609695435], [-1.5707963705062866, -0.06716054677963257, -0.08320435881614685], [0.0, 0.15550197660923004, -0.1259758621454239], [-1.5707963705062866, 0.134999081492424, -0.07462652027606964]]","[[-1.5707963705062866, -0.028536461293697357, -0.022060731425881386], [1.5707963705062866, -0.06889703869819641, 0.09147125482559204], [-1.5707963705062866, -0.28227508068084717, -0.21122020483016968], [1.5707963705062866, 0.05968301370739937, -0.12050100415945053], [-1.5707963705062866, -0.05275963619351387, -0.06536325067281723], [0.0, 0.12215844541788101, -0.09896346926689148], [-1.5707963705062866, 0.10605188459157944, -0.058624718338251114]]","[[-1.5707963705062866, -0.0, -0.0], [1.5707963705062866, -0.07147511094808578, 0.09489403665065765], [-1.5707963705062866, -0.29283758997917175, -0.21912389993667603], [1.5707963705062866, 0.061916302889585495, -0.12501005828380585], [-1.5707963705062866, -0.05473386123776436, -0.0678090900182724], [0.0, 0.12672951817512512, -0.10266660153865814], [-1.5707963705062866, 0.11002026498317719, -0.06081840768456459]]",,,,,,,,,,,
46,0.018689826130867004,0.9815093874931335,"[[-1.5707963705062866, -0.03621966019272804, -0.028172584250569344], [1.5707963705062866, -0.08777251839637756, 0.11667794734239578], [-1.5707963705062866, -0.3593754768371582, -0.2689363658428192], [1.5707963705062866, 0.07595005631446838, -0.15346716344356537], [-1.5707963705062866, -0.06711510568857193, -0.0831058993935585], [0.0, 0.1555650532245636, -0.12587115168571472], [-1.5707963705062866, 0.13506633043289185, -0.07470539957284927]]","[[-1.5707963705062866, -0.02844618633389473, -0.022126177325844765], [1.5707963705062866, -0.06893476098775864, 0.09163649380207062], [-1.5707963705062866, -0.2822462320327759, -0.21121717989444733], [1.5707963705062866, 0.05964963510632515, -0.12053000181913376], [-1.5707963705062866, -0.052710842341184616, -0.06526968628168106], [0.0, 0.12217763811349869, -0.09885665029287338], [-1.5707963705062866, 0.10607835650444031, -0.05867210775613785]]","[[-1.5707963705062866, -0.0, -0.0], [1.5707963705062866, -0.07151191681623459, 0.09506236761808395], [-1.5707963705062866, -0.29279813170433044, -0.21911363303661346], [1.5707963705062866, 0.06187966465950012, -0.1250360757112503], [-1.5707963705062866, -0.05468146130442619, -0.06770982593297958], [0.0, 0.1267452985048294, -0.10255245119333267], [-1.5707963705062866, 0.11004414409399033, -0.06086559221148491]]","[1, 0, 9, 6, 7]","[[[0.0, 0.0, -1.0, 0.28999999165534973], [-0.0, 1.0, 0.0, -0.15833400189876556], [1.0, 0.0, 0.0, 0.0062500000931322575], [0.0, 0.0, 0.0, 1.0]], [[0.0, -0.0, 1.0, 0.15000000596046448], [0.0, 1.0, 0.0, 0.0], [-1.0, 0.0, 0.0, 0.125], [0.0, 0.0, 0.0, 1.0]], [[0.0, 0.0, -1.0, 0.28999999165534973], [-0.0, 1.0, 0.0, 0.15833400189876556], [1.0, 0.0, 0.0, 0.23125000298023224], [0.0, 0.0, 0.0, 1.0]], [[0.0, 0.0, -1.0, 0.28999999165534973], [-0.0, 1.0, 0.0, 0.0], [1.0, 0.0, 0.0, 0.23125000298023224], [0.0, 0.0, 0.0, 1.0]], [[0.0, 0.0, -1.0, 0.28999999165534973], [-0.0, 1.0, 0.0, 0.15833400189876556], [1.0, 0.0, 0.0, 0.0062500000931322575], [0.0, 0.0, 0.0, 1.0]]]","[0, 0, 0, 0, 0]","[[2.020737886428833, 1.6774076223373413, -3.1384379863739014, -1.4641952514648438, 1.2121001482009888, 2.379094362258911], [-0.8051329255104065, 1.8180770874023438, 1.1976902669630363e-07, 1.32351553440094, 0.8806710243225098, -0.11500771343708038], [0.6462730765342712, 2.344911813735962, 1.472177615369219e-07, 0.7966809868812561, -0.9774525165557861, 0.052929069846868515], [0.7273008227348328, 1.8180772066116333, 6.413958431039646e-08, 1.32351553440094, -1.343455195426941, 0.4999595880508423], [-1.7943109273910522, -0.7216652035713196, -3.546972493495559e-08, -2.4199275970458984, 1.4755618572235107, 1.4425162076950073]]","[[[5.729496479034424e-06, -0.0028209686279296875, -1.0, 0.2900390625], [-0.001373291015625, 1.0, -0.0028209686279296875, -0.1583251953125], [1.0, 0.001373291015625, 1.8570572137832642e-06, 0.006274417042732239], [0.0, 0.0, 0.0, 1.0]], [[1.1102230246251565e-16, -4.20550350099802e-09, 1.0, 0.1500244140625], [-5.6927092373371124e-08, 1.0, 4.20550350099802e-09, 6.414484232664108e-08], [-1.0, -5.6927092373371124e-08, -1.6653345369377348e-16, 0.12504883110523224], [0.0, 0.0, 0.0, 1.0]], [[8.42846930027008e-08, -9.109498932957649e-08, -1.0, 0.2900390625], [-6.356276571750641e-08, 1.0, -9.109498932957649e-08, 0.1583251953125], [1.0, 6.356276571750641e-08, 8.42846930027008e-08, 0.23125000298023224], [0.0, 0.0, 0.0, 1.0]], [[3.885780586188048e-16, -2.1886080503463745e-08, -1.0, 0.2900390625], [-3.952300176024437e-08, 1.0, -2.1886080503463745e-08, 8.10832716524601e-08], [1.0, 3.952300176024437e-08, -4.440892098500626e-16, 0.23125000298023224], [0.0, 0.0, 0.0, 1.0]], [[1.3877787807814457e-15, -5.925539880990982e-08, -1.0, 0.2900390625], [-4.589674063026905e-08, 1.0, -5.925539880990982e-08, 0.1583251953125], [1.0, 4.589674063026905e-08, -1.3877787807814457e-15, 0.006274417042732239], [0.0, 0.0, 0.0, 1.0]]]",4.550553785520606e-05,0.0,1.608863749424927e-05,"[4.690708374255337e-05, 5.459154272102751e-05, 4.005105438409373e-05, 3.907092832378112e-05, 4.690708374255337e-05]","[0.0, 0.0, 0.0, 0.0, 0.0]","[1.6584157492616214e-05, 1.9301025531603955e-05, 1.4160185855871532e-05, 1.3813659279549029e-05, 1.6584157492616214e-05]"
47,0.0186209287494421,0.9815765619277954,"[[-1.5707963705062866, -0.03612267225980759, -0.028254376724362373], [1.5707963705062866, -0.08783481270074844, 0.11689693480730057], [-1.5707963705062866, -0.35941994190216064, -0.2689908742904663], [1.5707963705062866, 0.07591736316680908, -0.15353450179100037], [-1.5707963705062866, -0.06706281006336212, -0.08301551640033722], [0.0, 0.1556214690208435, -0.12577497959136963], [-1.5707963705062866, 0.13512635231018066, -0.07477711886167526]]","[[-1.5707963705062866, -0.028364045545458794, -0.02218574471771717], [1.5707963705062866, -0.06896916776895523, 0.09178916364908218], [-1.5707963705062866, -0.2822217345237732, -0.2112155258655548], [1.5707963705062866, 0.05961141362786293, -0.1205575168132782], [-1.5707963705062866, -0.05265868827700615, -0.06518498808145523], [0.0, 0.12219622731208801, -0.09876033663749695], [-1.5707963705062866, 0.10610316693782806, -0.058716077357530594]]","[[-1.5707963705062866, -0.0, -0.0], [1.5707963705062866, -0.07154553383588791, 0.0952179804444313], [-1.5707963705062866, -0.29276421666145325, -0.2191055417060852], [1.5707963705062866, 0.061838217079639435, -0.12506097555160522], [-1.5707963705062866, -0.054625771939754486, -0.06761999428272247], [0.0, 0.12676090002059937, -0.10244955867528915], [-1.5707963705062866, 0.11006668210029602, -0.06090943515300751]]",,,,,,,,,,,
48,0.018507376313209534,0.9816872477531433,"[[-1.5707963705062866, -0.03603381663560867, -0.028328415006399155], [1.5707963705062866, -0.0878901481628418, 0.11709713190793991], [-1.5707963705062866, -0.3594570457935333, -0.26903772354125977], [1.5707963705062866, 0.07587636262178421, -0.15359482169151306], [-1.5707963705062866, -0.06700436025857925, -0.0829324945807457], [0.0, 0.15567182004451752, -0.12568658590316772], [-1.5707963705062866, 0.1351798176765442, -0.07484232634305954]]","[[-1.5707963705062866, -0.02828931249678135, -0.022239981219172478], [1.5707963705062866, -0.06900051236152649, 0.09193024039268494], [-1.5707963705062866, -0.2822013795375824, -0.21121525764465332], [1.5707963705062866, 0.05956877022981644, -0.12058372795581818], [-1.5707963705062866, -0.05260356515645981, -0.06510837376117706], [0.0, 0.12221432477235794, -0.09867361932992935], [-1.5707963705062866, 0.10612653195858002, -0.05875696986913681]]","[[-1.5707963705062866, -0.0, -0.0], [1.5707963705062866, -0.07157616317272186, 0.09536181390285492], [-1.5707963705062866, -0.29273539781570435, -0.2190995067358017], [1.5707963705062866, 0.06179235130548477, -0.12508487701416016], [-1.5707963705062866, -0.05456715077161789, -0.06753873825073242], [0.0, 0.1267763376235962, -0.1023569107055664], [-1.5707963705062866, 0.11008802056312561, -0.060950249433517456]]","[6, 1, 5, 9, 3]","[[[0.0, 0.0, -1.0, 0.28999999165534973], [-0.0, 1.0, 0.0, 0.0], [1.0, 0.0, 0.0, 0.23125000298023224], [0.0, 0.0, 0.0, 1.0]], [[0.0, 0.0, -1.0, 0.28999999165534973], [-0.0, 1.0, 0.0, -0.15833400189876556], [1.0, 0.0, 0.0, 0.0062500000931322575], [0.0, 0.0, 0.0, 1.0]], [[0.0, 0.0, -1.0, 0.28999999165534973], [-0.0, 1.0, 0.0, 0.0], [1.0, 0.0, 0.0, 0.11874999850988388], [0.0, 0.0, 0.0, 1.0]], [[0.0, 0.0, -1.0, 0.28999999165534973], [-0.0, 1.0, 0.0, 0.15833400189876556], [1.0, 0.0, 0.0, 0.23125000298023224], [0.0, 0.0, 0.0, 1.0]], [[0.0, 0.0, -1.0, 0.28999999165534973], [-0.0, 1.0, 0.0, -0.15833400189876556], [1.0, 0.0, 0.0, 0.23125000298023224], [0.0, 0.0, 0.0, 1.0]]]","[0, 0, 0, 0, 0]","[[0.7287245988845825, 1.8195409774780273, 7.80977984504716e-08, 1.322051763534546, -1.3416494131088257, 0.49957770109176636], [2.030505895614624, 1.6782249212265015, -3.1384358406066895, -1.4633742570877075, 1.2416703701019287, 2.3592910766601562], [0.1437062919139862, 1.8195407390594482, 5.205495767768298e-08, 1.3220518827438354, 1.5859137773513794, -3.0130038261413574], [0.6478820443153381, 2.3461503982543945, 1.133475180381538e-07, 0.7954422235488892, -0.9775673747062683, 0.054653018712997437], [1.8758606910705566, 1.683154582977295, 3.1384382247924805, -1.458419680595398, 2.972041606903076, 0.4749799072742462]]","[[[1.1102230246251565e-16, -1.0804797057062387e-08, -1.0, 0.2900390625], [-1.9441358745098114e-08, 1.0, -1.0804797057062387e-08, 4.5780325308442116e-08], [1.0, 1.9441358745098114e-08, -1.1102230246251565e-16, 0.23125000298023224], [0.0, 0.0, 0.0, 1.0]], [[4.239380359649658e-06, -0.0028095245361328125, -1.0, 0.2900390625], [-0.0013980865478515625, 1.0, -0.0028095245361328125, -0.1583251953125], [1.0, 0.0013980865478515625, 3.1176023185253143e-07, 0.006274417042732239], [0.0, 0.0, 0.0, 1.0]], [[4.440892098500626e-16, 7.200287654995918e-08, -1.0, 0.2900390625], [1.2347300071269274e-08, 1.0, 7.200287654995918e-08, -3.023887984454632e-08], [1.0, -1.2347300071269274e-08, -4.996003610813204e-16, 0.11882324516773224], [0.0, 0.0, 0.0, 1.0]], [[8.881784197001252e-16, 3.230525180697441e-08, -1.0, 0.2900390625], [5.3958501666784286e-08, 1.0, 3.230525180697441e-08, 0.1583251953125], [1.0, -5.3958501666784286e-08, -8.326672684688674e-16, 0.23125000298023224], [0.0, 0.0, 0.0, 1.0]], [[-9.529292583465576e-06, 0.0029850006103515625, -1.0, 0.2900390625], [0.0009593963623046875, 1.0, 0.0029850006103515625, -0.1583251953125], [1.0, -0.0009593963623046875, -1.2390315532684326e-05, 0.23120422661304474], [0.0, 0.0, 0.0, 1.0]]]",5.397374843596481e-05,0.0,1.9082601284026168e-05,"[3.9070870116120204e-05, 4.690708374255337e-05, 8.301568595925346e-05, 4.005105438409373e-05, 6.082402978790924e-05]","[0.0, 0.0, 0.0, 0.0, 0.0]","[1.3813638361170888e-05, 1.6584157492616214e-05, 2.9350478143896908e-05, 1.4160185855871532e-05, 2.150454201910179e-05]"
49,0.018450498580932617,0.9817426800727844,"[[-1.5707963705062866, -0.03595238924026489, -0.028395390138030052], [1.5707963705062866, -0.08793934434652328, 0.1172802746295929], [-1.5707963705062866, -0.3594874441623688, -0.2690775692462921], [1.5707963705062866, 0.07582785934209824, -0.1536487638950348], [-1.5707963705062866, -0.06694021821022034, -0.082856185734272], [0.0, 0.155716672539711, -0.1256052702665329], [-1.5707963705062866, 0.13522730767726898, -0.07490158826112747]]","[[-1.5707963705062866, -0.02822132781147957, -0.022289356216788292], [1.5707963705062866, -0.06902921199798584, 0.09206078201532364], [-1.5707963705062866, -0.2821846604347229, -0.21121618151664734], [1.5707963705062866, 0.05952213332056999, -0.12060873955488205], [-1.5707963705062866, -0.05254565551877022, -0.06503911316394806], [0.0, 0.12223196774721146, -0.09859560430049896], [-1.5707963705062866, 0.10614855587482452, -0.05879504606127739]]","[[-1.5707963705062866, -0.0, -0.0], [1.5707963705062866, -0.07160424441099167, 0.09549497067928314], [-1.5707963705062866, -0.29271113872528076, -0.21909528970718384], [1.5707963705062866, 0.06174251809716225, -0.12510786950588226], [-1.5707963705062866, -0.05450579151511192, -0.06746529787778854], [0.0, 0.12679164111614227, -0.10227356106042862], [-1.5707963705062866, 0.11010827124118805, -0.06098830699920654]]",,,,,,,,,,,
50,0.018370086327195168,0.9818210005760193,"[[-1.5707963705062866, -0.03587772324681282, -0.028455939143896103], [1.5707963705062866, -0.08798251301050186, 0.11744815111160278], [-1.5707963705062866, -0.35951176285743713, -0.2691110670566559], [1.5707963705062866, 0.07577246427536011, -0.1536969095468521], [-1.5707963705062866, -0.06687143445014954, -0.08278597146272659], [0.0, 0.15575653314590454, -0.125530406832695], [-1.5707963705062866, 0.13526934385299683, -0.07495544850826263]]","[[-1.5707963705062866, -0.028159482404589653, -0.022334318608045578], [1.5707963705062866, -0.06905516237020493, 0.0921819657087326], [-1.5707963705062866, -0.2821713387966156, -0.2112182080745697], [1.5707963705062866, 0.05947181582450867, -0.12063266336917877], [-1.5707963705062866, -0.0524856336414814, -0.0649765357375145], [0.0, 0.12224920839071274, -0.0985255166888237], [-1.5707963705062866, 0.10616935789585114, -0.058830562978982925]]","[[-1.5707963705062866, -0.0, -0.0], [1.5707963705062866, -0.07162962108850479, 0.09561862051486969], [-1.5707963705062866, -0.29269102215766907, -0.21909266710281372], [1.5707963705062866, 0.061688996851444244, -0.12512999773025513], [-1.5707963705062866, -0.05444236099720001, -0.06739893555641174], [0.0, 0.12680679559707642, -0.10219866037368774], [-1.5707963705062866, 0.11012747883796692, -0.061023835092782974]]","[5, 2, 3, 1, 7]","[[[0.0, 0.0, -1.0, 0.28999999165534973], [-0.0, 1.0, 0.0, 0.0], [1.0, 0.0, 0.0, 0.11874999850988388], [0.0, 0.0, 0.0, 1.0]], [[0.0, 0.0, -1.0, 0.28999999165534973], [-0.0, 1.0, 0.0, -0.15833400189876556], [1.0, 0.0, 0.0, 0.11874999850988388], [0.0, 0.0, 0.0, 1.0]], [[0.0, 0.0, -1.0, 0.28999999165534973], [-0.0, 1.0, 0.0, -0.15833400189876556], [1.0, 0.0, 0.0, 0.23125000298023224], [0.0, 0.0, 0.0, 1.0]], [[0.0, 0.0, -1.0, 0.28999999165534973], [-0.0, 1.0, 0.0, -0.15833400189876556], [1.0, 0.0, 0.0, 0.0062500000931322575], [0.0, 0.0, 0.0, 1.0]], [[0.0, 0.0, -1.0, 0.28999999165534973], [-0.0, 1.0, 0.0, 0.15833400189876556], [1.0, 0.0, 0.0, 0.0062500000931322575], [0.0, 0.0, 0.0, 1.0]]]","[0, 0, 0, 0, 0]","[[0.1446157693862915, 1.8208659887313843, 4.86436988467176e-08, 1.320726752281189, 1.5860717296600342, -3.0122523307800293], [2.1691248416900635, 1.6795167922973633, -3.1384329795837402, -1.4620764255523682, 2.492725133895874, 1.2468531131744385], [1.8754957914352417, 1.6837421655654907, 3.1384379863739014, -1.4578320980072021, 2.974979877471924, 0.47167864441871643], [2.0379979610443115, 1.6787999868392944, -3.138434886932373, -1.4627971649169922, 1.264317512512207, 2.344134569168091], [1.1228755712509155, 2.3472344875335693, 2.1039710418335744e-07, 0.7943581938743591, -2.1751203536987305, 1.7271995544433594]]","[[[5.551115123125783e-17, -1.7127604223787785e-08, -1.0, 0.2900390625], [-5.475158104673028e-09, 1.0, -1.7127604223787785e-08, 2.550950739532709e-08], [1.0, 5.475158104673028e-09, -5.551115123125783e-17, 0.11882324516773224], [0.0, 0.0, 0.0, 1.0]], [[2.29664146900177e-06, -0.0025959014892578125, -1.0, 0.2900390625], [-0.0017690658569335938, 1.0, -0.0025959014892578125, -0.1583251953125], [1.0, 0.0017690658569335938, -2.29664146900177e-06, 0.11882324516773224], [0.0, 0.0, 0.0, 1.0]], [[-9.611248970031738e-06, 0.0029850006103515625, -1.0, 0.2900390625], [0.0009584426879882812, 1.0, 0.0029850006103515625, -0.1583251953125], [1.0, -0.0009584426879882812, -1.2472271919250488e-05, 0.23120422661304474], [0.0, 0.0, 0.0, 1.0]], [[3.6712735891342163e-06, -0.0028018951416015625, -1.0, 0.2900390625], [-0.0014171600341796875, 1.0, -0.0028018951416015625, -0.1583251953125], [1.0, 0.0014171600341796875, -2.9942020773887634e-07, 0.006274417042732239], [0.0, 0.0, 0.0, 1.0]], [[-3.552713678800501e-15, -1.1030351743102074e-07, -1.0, 0.2900390625], [6.548361852765083e-08, 1.0, -1.1030351743102074e-07, 0.1583251953125], [1.0, -6.548361852765083e-08, 3.608224830031759e-15, 0.006274417042732239], [0.0, 0.0, 0.0, 1.0]]]",6.42270824755542e-05,0.0,2.2707699827151373e-05,"[8.301568595925346e-05, 8.348149276571348e-05, 6.082402978790924e-05, 4.690708374255337e-05, 4.690708374255337e-05]","[0.0, 0.0, 0.0, 0.0, 0.0]","[2.9350478143896908e-05, 2.951516398752574e-05, 2.150454201910179e-05, 1.6584157492616214e-05, 1.6584157492616214e-05]"
51,0.018326018005609512,0.9818639159202576,"[[-1.5707963705062866, -0.03580915182828903, -0.02851071208715439], [1.5707963705062866, -0.08801959455013275, 0.11760194599628448], [-1.5707963705062866, -0.3595305383205414, -0.2691388428211212], [1.5707963705062866, 0.07571229338645935, -0.15373964607715607], [-1.5707963705062866, -0.06679896265268326, -0.08272124826908112], [0.0, 0.1557917594909668, -0.12546131014823914], [-1.5707963705062866, 0.13530640304088593, -0.07500432431697845]]","[[-1.5707963705062866, -0.028103159740567207, -0.02237531542778015], [1.5707963705062866, -0.06907811760902405, 0.09229445457458496], [-1.5707963705062866, -0.2821609377861023, -0.21122118830680847], [1.5707963705062866, 0.05941929668188095, -0.12065546214580536], [-1.5707963705062866, -0.05242408066987991, -0.06491994857788086], [0.0, 0.12226597219705582, -0.09846251457929611], [-1.5707963705062866, 0.10618898272514343, -0.05886368080973625]]","[[-1.5707963705062866, -0.0, -0.0], [1.5707963705062866, -0.07165205478668213, 0.09573345631361008], [-1.5707963705062866, -0.29267460107803345, -0.21909154951572418], [1.5707963705062866, 0.061633333563804626, -0.12515123188495636], [-1.5707963705062866, -0.054377466440200806, -0.06733894348144531], [0.0, 0.12682175636291504, -0.10213135182857513], [-1.5707963705062866, 0.11014571785926819, -0.061057012528181076]]",,,,,,,,,,,
52,0.018257157877087593,0.9819310307502747,"[[-1.5707963705062866, -0.03574613109230995, -0.028560228645801544], [1.5707963705062866, -0.08805166184902191, 0.11774285137653351], [-1.5707963705062866, -0.3595443069934845, -0.2691614329814911], [1.5707963705062866, 0.07564769685268402, -0.15377749502658844], [-1.5707963705062866, -0.06672310084104538, -0.08266151696443558], [0.0, 0.1558227688074112, -0.1253974884748459], [-1.5707963705062866, 0.1353389471769333, -0.07504866272211075]]","[[-1.5707963705062866, -0.02805185876786709, -0.022412704303860664], [1.5707963705062866, -0.06909874081611633, 0.09239897131919861], [-1.5707963705062866, -0.2821532189846039, -0.21122504770755768], [1.5707963705062866, 0.05936470255255699, -0.12067724019289017], [-1.5707963705062866, -0.052361104637384415, -0.06486881524324417], [0.0, 0.12228227406740189, -0.09840596467256546], [-1.5707963705062866, 0.10620754957199097, -0.05889460816979408]]","[[-1.5707963705062866, -0.0, -0.0], [1.5707963705062866, -0.07167220115661621, 0.0958402082324028], [-1.5707963705062866, -0.29266151785850525, -0.2190917432308197], [1.5707963705062866, 0.06157563626766205, -0.12517164647579193], [-1.5707963705062866, -0.054311200976371765, -0.06728474050760269], [0.0, 0.12683646380901337, -0.10207092016935349], [-1.5707963705062866, 0.11016306281089783, -0.06108803302049637]]","[5, 4, 3, 2, 6]","[[[0.0, 0.0, -1.0, 0.28999999165534973], [-0.0, 1.0, 0.0, 0.0], [1.0, 0.0, 0.0, 0.11874999850988388], [0.0, 0.0, 0.0, 1.0]], [[0.0, 0.0, -1.0, 0.28999999165534973], [-0.0, 1.0, 0.0, 0.0], [1.0, 0.0, 0.0, 0.0062500000931322575], [0.0, 0.0, 0.0, 1.0]], [[0.0, 0.0, -1.0, 0.28999999165534973], [-0.0, 1.0, 0.0, -0.15833400189876556], [1.0, 0.0, 0.0, 0.23125000298023224], [0.0, 0.0, 0.0, 1.0]], [[0.0, 0.0, -1.0, 0.28999999165534973], [-0.0, 1.0, 0.0, -0.15833400189876556], [1.0, 0.0, 0.0, 0.11874999850988388], [0.0, 0.0, 0.0, 1.0]], [[0.0, 0.0, -1.0, 0.28999999165534973], [-0.0, 1.0, 0.0, 0.0], [1.0, 0.0, 0.0, 0.23125000298023224], [0.0, 0.0, 0.0, 1.0]]]","[0, 0, 0, 0, 0]","[[1.0154447555541992, 1.8220659494400024, 8.939815643316251e-08, 1.3195267915725708, -1.8176286220550537, 1.2622770071029663], [-1.8501840829849243, -0.1979958415031433, 2.3143002181313932e-07, -2.943596839904785, 1.003166675567627, 1.8590384721755981], [1.8752397298812866, 1.6841280460357666, 3.1384379863739014, -1.4574462175369263, 2.977538585662842, 0.46886488795280457], [2.1695194244384766, 1.6799086332321167, -3.138432741165161, -1.4616845846176147, 2.495711088180542, 1.244260549545288], [0.7310250997543335, 1.822065830230713, 8.485007185754512e-08, 1.3195269107818604, -1.338740348815918, 0.4989689588546753]]","[[[-1.1102230246251565e-16, 2.0037987269461155e-08, -1.0, 0.2900390625], [-1.0557414498180151e-08, 1.0, 2.0037987269461155e-08, 6.781192496418953e-08], [1.0, 1.0557414498180151e-08, 1.1102230246251565e-16, 0.11882324516773224], [0.0, 0.0, 0.0, 1.0]], [[-8.42846930027008e-08, -9.69739630818367e-08, -1.0, 0.2900390625], [5.390029400587082e-08, 1.0, -9.69739630818367e-08, 8.800998330116272e-08], [1.0, -5.390029400587082e-08, -8.42846930027008e-08, 0.006274417042732239], [0.0, 0.0, 0.0, 1.0]], [[-9.357929229736328e-06, 0.0029850006103515625, -1.0, 0.2900390625], [0.0009579658508300781, 1.0, 0.0029850006103515625, -0.1583251953125], [1.0, -0.000957489013671875, -1.2218952178955078e-05, 0.23120422661304474], [0.0, 0.0, 0.0, 1.0]], [[2.127140760421753e-06, -0.002593994140625, -1.0, 0.2900390625], [-0.00177001953125, 1.0, -0.002593994140625, -0.1583251953125], [1.0, 0.00177001953125, -2.466142177581787e-06, 0.11882324516773224], [0.0, 0.0, 0.0, 1.0]], [[-5.551115123125783e-17, -1.1728843674063683e-08, -1.0, 0.2900390625], [4.711182555183768e-09, 1.0, -1.1728843674063683e-08, 3.230525180697441e-08], [1.0, -4.711182555183768e-09, 5.551115123125783e-17, 0.23125000298023224], [0.0, 0.0, 0.0, 1.0]]]",6.24930253252387e-05,0.0,2.2094622181612067e-05,"[8.30157077871263e-05, 4.607305163517594e-05, 6.082402978790924e-05, 8.348149276571348e-05, 3.907085920218378e-05]","[0.0, 0.0, 0.0, 0.0, 0.0]","[2.9350485419854522e-05, 1.62892829393968e-05, 2.150454201910179e-05, 2.951516398752574e-05, 1.3813634723192081e-05]"
53,0.018163805827498436,0.9820221066474915,"[[-1.5707963705062866, -0.03568809852004051, -0.028604982420802116], [1.5707963705062866, -0.08807911723852158, 0.11787310987710953], [-1.5707963705062866, -0.3595535159111023, -0.2691792845726013], [1.5707963705062866, 0.0755818709731102, -0.15381081402301788], [-1.5707963705062866, -0.06664479523897171, -0.08260634541511536], [0.0, 0.1558499038219452, -0.12533840537071228], [-1.5707963705062866, 0.13536743819713593, -0.07508882135152817]]","[[-1.5707963705062866, -0.028005028143525124, -0.02244679257273674], [1.5707963705062866, -0.06911710649728775, 0.09249693155288696], [-1.5707963705062866, -0.28214746713638306, -0.2112293392419815], [1.5707963705062866, 0.059310317039489746, -0.12069783359766006], [-1.5707963705062866, -0.05229724943637848, -0.06482253223657608], [0.0, 0.12229794263839722, -0.09835506975650787], [-1.5707963705062866, 0.10622502118349075, -0.05892341211438179]]","[[-1.5707963705062866, -0.0, -0.0], [1.5707963705062866, -0.07169011235237122, 0.09594029933214188], [-1.5707963705062866, -0.29265090823173523, -0.2190927267074585], [1.5707963705062866, 0.06151824817061424, -0.12519103288650513], [-1.5707963705062866, -0.054244108498096466, -0.06723567098379135], [0.0, 0.12685070931911469, -0.10201651602983475], [-1.5707963705062866, 0.11017943918704987, -0.06111694127321243]]",,,,,,,,,,,
54,0.01811453141272068,0.9820699691772461,"[[-1.5707963705062866, -0.03563461825251579, -0.028645401820540428], [1.5707963705062866, -0.08810141682624817, 0.1179933100938797], [-1.5707963705062866, -0.3595585525035858, -0.26919281482696533], [1.5707963705062866, 0.07551403343677521, -0.15384003520011902], [-1.5707963705062866, -0.06656381487846375, -0.08255533128976822], [0.0, 0.15587356686592102, -0.12528367340564728], [-1.5707963705062866, 0.1353922188282013, -0.07512522488832474]]","[[-1.5707963705062866, -0.027962302789092064, -0.022477900609374046], [1.5707963705062866, -0.0691327303647995, 0.09258874505758286], [-1.5707963705062866, -0.2821437418460846, -0.2112342268228531], [1.5707963705062866, 0.05925547704100609, -0.12071748822927475], [-1.5707963705062866, -0.0522322840988636, -0.06478074938058853], [0.0, 0.12231318652629852, -0.0983094573020935], [-1.5707963705062866, 0.10624158382415771, -0.058950379490852356]]","[[-1.5707963705062866, -0.0, -0.0], [1.5707963705062866, -0.07170528173446655, 0.09603413939476013], [-1.5707963705062866, -0.2926428020000458, -0.2190946340560913], [1.5707963705062866, 0.061460480093955994, -0.12520959973335266], [-1.5707963705062866, -0.05417593941092491, -0.06719135493040085], [0.0, 0.12686467170715332, -0.10196772962808609], [-1.5707963705062866, 0.11019502580165863, -0.06114402785897255]]","[2, 6, 0, 5, 7]","[[[0.0, 0.0, -1.0, 0.28999999165534973], [-0.0, 1.0, 0.0, -0.15833400189876556], [1.0, 0.0, 0.0, 0.11874999850988388], [0.0, 0.0, 0.0, 1.0]], [[0.0, 0.0, -1.0, 0.28999999165534973], [-0.0, 1.0, 0.0, 0.0], [1.0, 0.0, 0.0, 0.23125000298023224], [0.0, 0.0, 0.0, 1.0]], [[0.0, -0.0, 1.0, 0.15000000596046448], [0.0, 1.0, 0.0, 0.0], [-1.0, 0.0, 0.0, 0.125], [0.0, 0.0, 0.0, 1.0]], [[0.0, 0.0, -1.0, 0.28999999165534973], [-0.0, 1.0, 0.0, 0.0], [1.0, 0.0, 0.0, 0.11874999850988388], [0.0, 0.0, 0.0, 1.0]], [[0.0, 0.0, -1.0, 0.28999999165534973], [-0.0, 1.0, 0.0, 0.15833400189876556], [1.0, 0.0, 0.0, 0.0062500000931322575], [0.0, 0.0, 0.0, 1.0]]]","[0, 0, 0, 0, 0]","[[2.1698849201202393, 1.680159568786621, -3.138432741165161, -1.4614337682724, 2.498347759246826, 1.2419884204864502], [0.731969952583313, 1.8231379985809326, 7.808388602370542e-08, 1.3184547424316406, -1.3375840187072754, 0.49875757098197937], [-0.8027408719062805, 1.8231381177902222, 1.1503220775921363e-07, 1.3184545040130615, 0.8855283260345459, -0.1174728274345398], [0.1460421234369278, 1.8231379985809326, 4.6670621145494806e-08, 1.3184547424316406, 1.586254596710205, -3.0110089778900146], [-1.7952015399932861, -0.7245385646820068, -3.325612851767801e-08, -2.4170541763305664, 1.481136441230774, 1.4360508918762207]]","[[[2.382323145866394e-06, -0.002593994140625, -1.0, 0.2900390625], [-0.0017709732055664062, 1.0, -0.002593994140625, -0.1583251953125], [1.0, 0.0017709732055664062, -2.212822437286377e-06, 0.11882324516773224], [0.0, 0.0, 0.0, 1.0]], [[0.0, 3.9267433749046177e-10, -1.0, 0.2900390625], [-4.805770004168153e-09, 1.0, 3.9267433749046177e-10, 9.291397873312235e-09], [1.0, 4.805770004168153e-09, 0.0, 0.23125000298023224], [0.0, 0.0, 0.0, 1.0]], [[8.42846930027008e-08, 2.0809238776564598e-08, 1.0, 0.1500244140625], [-1.4588295016437769e-08, 1.0, -2.0809238776564598e-08, 5.305628292262554e-08], [-1.0, -1.4588295016437769e-08, 8.42846930027008e-08, 0.12504883110523224], [0.0, 0.0, 0.0, 1.0]], [[8.42846930027008e-08, -1.43554643727839e-08, -1.0, 0.2900390625], [-7.385096978396177e-09, 1.0, -1.43554643727839e-08, 2.5043846108019352e-08], [1.0, 7.385096978396177e-09, 8.42846930027008e-08, 0.11882324516773224], [0.0, 0.0, 0.0, 1.0]], [[3.3306690738754696e-16, -3.573950380086899e-08, -1.0, 0.2900390625], [-1.977605279535055e-08, 1.0, -3.573950380086899e-08, 0.1583251953125], [1.0, 1.977605279535055e-08, -3.3306690738754696e-16, 0.006274417042732239], [0.0, 0.0, 0.0, 1.0]]]",6.141332414699718e-05,0.0,2.1712890884373337e-05,"[8.348149276571348e-05, 3.9070844650268555e-05, 5.459153180709109e-05, 8.301568595925346e-05, 4.690708374255337e-05]","[0.0, 0.0, 0.0, 0.0, 0.0]","[2.951516398752574e-05, 1.381362926622387e-05, 1.9301021893625148e-05, 2.9350478143896908e-05, 1.6584157492616214e-05]"
55,0.018060624599456787,0.9821226000785828,"[[-1.5707963705062866, -0.03558526933193207, -0.028681881725788116], [1.5707963705062866, -0.0881187692284584, 0.11810467392206192], [-1.5707963705062866, -0.3595598340034485, -0.26920244097709656], [1.5707963705062866, 0.07544437795877457, -0.1538655012845993], [-1.5707963705062866, -0.06648017466068268, -0.08250808715820312], [0.0, 0.15589405596256256, -0.12523287534713745], [-1.5707963705062866, 0.13541364669799805, -0.07515821605920792]]","[[-1.5707963705062866, -0.02792329713702202, -0.02250629849731922], [1.5707963705062866, -0.06914564967155457, 0.09267519414424896], [-1.5707963705062866, -0.28214192390441895, -0.21123965084552765], [1.5707963705062866, 0.059200219810009, -0.1207362487912178], [-1.5707963705062866, -0.05216612666845322, -0.06474301964044571], [0.0, 0.12232803553342819, -0.09826860576868057], [-1.5707963705062866, 0.10625731945037842, -0.058975670486688614]]","[[-1.5707963705062866, -0.0, -0.0], [1.5707963705062866, -0.0717177540063858, 0.09612256288528442], [-1.5707963705062866, -0.2926371395587921, -0.21909742057323456], [1.5707963705062866, 0.061402373015880585, -0.1252274364233017], [-1.5707963705062866, -0.05410662293434143, -0.06715135276317596], [0.0, 0.12687844038009644, -0.10192403942346573], [-1.5707963705062866, 0.11020991951227188, -0.061169471591711044]]",,,,,,,,,,,
56,0.018010227009654045,0.9821717143058777,"[[-1.5707963705062866, -0.03553968295454979, -0.02871478535234928], [1.5707963705062866, -0.08813215792179108, 0.1182081326842308], [-1.5707963705062866, -0.3595576584339142, -0.26920852065086365], [1.5707963705062866, 0.07537312805652618, -0.1538875848054886], [-1.5707963705062866, -0.06639427691698074, -0.08246425539255142], [0.0, 0.1559116542339325, -0.12518563866615295], [-1.5707963705062866, 0.13543204963207245, -0.0751880630850792]]","[[-1.5707963705062866, -0.027887677773833275, -0.02253223955631256], [1.5707963705062866, -0.06915652751922607, 0.09275688230991364], [-1.5707963705062866, -0.2821417450904846, -0.2112455666065216], [1.5707963705062866, 0.059144631028175354, -0.12075423449277878], [-1.5707963705062866, -0.05209900438785553, -0.06470897793769836], [0.0, 0.12234250456094742, -0.09823206812143326], [-1.5707963705062866, 0.10627233982086182, -0.05899941176176071]]","[[-1.5707963705062866, -0.0, -0.0], [1.5707963705062866, -0.0717281773686409, 0.09620613604784012], [-1.5707963705062866, -0.29263344407081604, -0.2191009372472763], [1.5707963705062866, 0.061343979090452194, -0.125244602560997], [-1.5707963705062866, -0.05403635650873184, -0.06711523979902267], [0.0, 0.12689192593097687, -0.10188492387533188], [-1.5707963705062866, 0.1102241799235344, -0.06119336187839508]]","[9, 7, 3, 4, 6]","[[[0.0, 0.0, -1.0, 0.28999999165534973], [-0.0, 1.0, 0.0, 0.15833400189876556], [1.0, 0.0, 0.0, 0.23125000298023224], [0.0, 0.0, 0.0, 1.0]], [[0.0, 0.0, -1.0, 0.28999999165534973], [-0.0, 1.0, 0.0, 0.15833400189876556], [1.0, 0.0, 0.0, 0.0062500000931322575], [0.0, 0.0, 0.0, 1.0]], [[0.0, 0.0, -1.0, 0.28999999165534973], [-0.0, 1.0, 0.0, -0.15833400189876556], [1.0, 0.0, 0.0, 0.23125000298023224], [0.0, 0.0, 0.0, 1.0]], [[0.0, 0.0, -1.0, 0.28999999165534973], [-0.0, 1.0, 0.0, 0.0], [1.0, 0.0, 0.0, 0.0062500000931322575], [0.0, 0.0, 0.0, 1.0]], [[0.0, 0.0, -1.0, 0.28999999165534973], [-0.0, 1.0, 0.0, 0.0], [1.0, 0.0, 0.0, 0.23125000298023224], [0.0, 0.0, 0.0, 1.0]]]","[0, 0, 0, 0, 0]","[[0.6524128317832947, 2.3497369289398193, 9.412018897592134e-08, 0.7918557524681091, -0.9776543974876404, 0.05927097052335739], [1.1246669292449951, 2.3497369289398193, 2.0041210291310563e-07, 0.7918557524681091, -2.1760830879211426, 1.7299535274505615], [1.874876856803894, 1.6844977140426636, 3.1384377479553223, -1.4570764303207397, 2.981788158416748, 0.464253693819046], [-1.8489328622817993, -0.1991976946592331, 1.9490289560053498e-07, -2.942394971847534, 1.011614203453064, 1.8518421649932861], [0.7328153252601624, 1.824105143547058, 8.000493778581586e-08, 1.3174875974655151, -1.3365747928619385, 0.4985937774181366]]","[[[1.685693860054016e-07, -1.3620592653751373e-08, -1.0, 0.2900390625], [1.9717845134437084e-08, 1.0, -1.3620592653751373e-08, 0.1583251953125], [1.0, -1.9717845134437084e-08, 1.685693860054016e-07, 0.23125000298023224], [0.0, 0.0, 0.0, 1.0]], [[0.0, -1.1314114090055227e-08, -1.0, 0.2900390625], [-4.540652298601344e-10, 1.0, -1.1314114090055227e-08, 0.1583251953125], [1.0, 4.540652298601344e-10, 0.0, 0.006274417042732239], [0.0, 0.0, 0.0, 1.0]], [[-9.275972843170166e-06, 0.0029850006103515625, -1.0, 0.2900390625], [0.0009570121765136719, 1.0, 0.0029850006103515625, -0.1583251953125], [1.0, -0.0009565353393554688, -1.2136995792388916e-05, 0.23120422661304474], [0.0, 0.0, 0.0, 1.0]], [[-2.6645352591003757e-15, -8.492497727274895e-08, -1.0, 0.2900390625], [6.175832822918892e-08, 1.0, -8.492497727274895e-08, 6.699701771140099e-08], [1.0, -6.175832822918892e-08, 2.609024107869118e-15, 0.006274417042732239], [0.0, 0.0, 0.0, 1.0]], [[5.551115123125783e-17, -2.3792381398379803e-09, -1.0, 0.2900390625], [-1.4770193956792355e-08, 1.0, -2.3792381398379803e-09, 2.4418113753199577e-08], [1.0, 1.4770193956792355e-08, -5.551115123125783e-17, 0.23125000298023224], [0.0, 0.0, 0.0, 1.0]]]",4.658520992961712e-05,0.0,1.6470357877551578e-05,"[4.005105438409373e-05, 4.690708374255337e-05, 6.082402978790924e-05, 4.607301525538787e-05, 3.907085192622617e-05]","[0.0, 0.0, 0.0, 0.0, 0.0]","[1.4160185855871532e-05, 1.6584157492616214e-05, 2.150454201910179e-05, 1.6289270206470974e-05, 1.3813631994707976e-05]"
57,0.017919080331921577,0.9822607040405273,"[[-1.5707963705062866, -0.0354975163936615, -0.02874443493783474], [1.5707963705062866, -0.08814141154289246, 0.11830440908670425], [-1.5707963705062866, -0.35955238342285156, -0.2692113518714905], [1.5707963705062866, 0.07530021667480469, -0.15390658378601074], [-1.5707963705062866, -0.0663057267665863, -0.08242355287075043], [0.0, 0.1559266448020935, -0.1251416653394699], [-1.5707963705062866, 0.1354476660490036, -0.07521507889032364]]","[[-1.5707963705062866, -0.02785514108836651, -0.02255595289170742], [1.5707963705062866, -0.06916516274213791, 0.09283427149057388], [-1.5707963705062866, -0.2821432054042816, -0.21125197410583496], [1.5707963705062866, 0.05908859148621559, -0.12077154219150543], [-1.5707963705062866, -0.05203055217862129, -0.06467831879854202], [0.0, 0.12235669791698456, -0.0981995090842247], [-1.5707963705062866, 0.10628670454025269, -0.059021782130002975]]","[[-1.5707963705062866, -0.0, -0.0], [1.5707963705062866, -0.07173636555671692, 0.0962853655219078], [-1.5707963705062866, -0.2926318347454071, -0.21910522878170013], [1.5707963705062866, 0.061285197734832764, -0.12526120245456696], [-1.5707963705062866, -0.053964778780937195, -0.0670827254652977], [0.0, 0.12690527737140656, -0.10185005515813828], [-1.5707963705062866, 0.11023788899183273, -0.061215903609991074]]",,,,,,,,,,,
58,0.017863892018795013,0.9823145866394043,"[[-1.5707963705062866, -0.035458460450172424, -0.028771130368113518], [1.5707963705062866, -0.08814670890569687, 0.11839476972818375], [-1.5707963705062866, -0.3595442473888397, -0.2692112326622009], [1.5707963705062866, 0.07522571831941605, -0.15392279624938965], [-1.5707963705062866, -0.0662146657705307, -0.08238568156957626], [0.0, 0.1559392511844635, -0.12510064244270325], [-1.5707963705062866, 0.1354607790708542, -0.07523949444293976]]","[[-1.5707963705062866, -0.027825405821204185, -0.022577639669179916], [1.5707963705062866, -0.06917158514261246, 0.09290821850299835], [-1.5707963705062866, -0.28214603662490845, -0.21125879883766174], [1.5707963705062866, 0.05903206393122673, -0.12078821659088135], [-1.5707963705062866, -0.05196079611778259, -0.06465072184801102], [0.0, 0.12237059324979782, -0.09817053377628326], [-1.5707963705062866, 0.1063004732131958, -0.05904287472367287]]","[[-1.5707963705062866, -0.0, -0.0], [1.5707963705062866, -0.07174232602119446, 0.09636112302541733], [-1.5707963705062866, -0.2926318943500519, -0.2191101610660553], [1.5707963705062866, 0.06122596934437752, -0.12527726590633392], [-1.5707963705062866, -0.053891900926828384, -0.06705344468355179], [0.0, 0.12691844999790192, -0.1018190085887909], [-1.5707963705062866, 0.11025109142065048, -0.06123718246817589]]","[1, 7, 4, 0, 2]","[[[0.0, 0.0, -1.0, 0.28999999165534973], [-0.0, 1.0, 0.0, -0.15833400189876556], [1.0, 0.0, 0.0, 0.0062500000931322575], [0.0, 0.0, 0.0, 1.0]], [[0.0, 0.0, -1.0, 0.28999999165534973], [-0.0, 1.0, 0.0, 0.15833400189876556], [1.0, 0.0, 0.0, 0.0062500000931322575], [0.0, 0.0, 0.0, 1.0]], [[0.0, 0.0, -1.0, 0.28999999165534973], [-0.0, 1.0, 0.0, 0.0], [1.0, 0.0, 0.0, 0.0062500000931322575], [0.0, 0.0, 0.0, 1.0]], [[0.0, -0.0, 1.0, 0.15000000596046448], [0.0, 1.0, 0.0, 0.0], [-1.0, 0.0, 0.0, 0.125], [0.0, 0.0, 0.0, 1.0]], [[0.0, 0.0, -1.0, 0.28999999165534973], [-0.0, 1.0, 0.0, -0.15833400189876556], [1.0, 0.0, 0.0, 0.11874999850988388], [0.0, 0.0, 0.0, 1.0]]]","[0, 0, 0, 0, 0]","[[2.0567004680633545, 1.6795761585235596, -3.1384334564208984, -1.4620182514190674, 1.3207496404647827, 2.306403636932373], [0.5341493487358093, 2.3503777980804443, 9.969595282655064e-08, 0.7912148833274841, 1.9844799041748047, -3.0211269855499268], [-1.8483208417892456, -0.19961844384670258, 1.723055902402848e-07, -2.94197416305542, 1.015601634979248, 1.8484666347503662], [-0.80207759141922, 1.8249865770339966, 9.860696081886999e-08, 1.316606044769287, 0.8871671557426453, -0.118448406457901], [2.170527458190918, 1.6803240776062012, -3.138432741165161, -1.4612691402435303, 2.502807140350342, 1.2381709814071655]]","[[[2.4586915969848633e-06, -0.002777099609375, -1.0, 0.2900390625], [-0.0014677047729492188, 1.0, -0.002777099609375, -0.1583251953125], [1.0, 0.0014677047729492188, -1.6158446669578552e-06, 0.006274417042732239], [0.0, 0.0, 0.0, 1.0]], [[-8.42846930027008e-08, -2.523302100598812e-08, -1.0, 0.2900390625], [-5.358742782846093e-09, 1.0, -2.523302100598812e-08, 0.1583251953125], [1.0, 5.358742782846093e-09, -8.42846930027008e-08, 0.006274417042732239], [0.0, 0.0, 0.0, 1.0]], [[-3.6637359812630166e-15, -5.934271030128002e-08, -1.0, 0.2900390625], [1.2549571692943573e-07, 1.0, -5.934271030128002e-08, 6.443588063120842e-08], [1.0, -1.2549571692943573e-07, 3.7192471324942744e-15, 0.006274417042732239], [0.0, 0.0, 0.0, 1.0]], [[8.42846930027008e-08, 3.874447429552674e-09, 1.0, 0.1500244140625], [8.949427865445614e-09, 1.0, -3.874447429552674e-09, 4.918547347187996e-08], [-1.0, 8.949427865445614e-09, 8.42846930027008e-08, 0.12504883110523224], [0.0, 0.0, 0.0, 1.0]], [[2.551823854446411e-06, -0.0025920867919921875, -1.0, 0.2900390625], [-0.0017728805541992188, 1.0, -0.0025920867919921875, -0.1583251953125], [1.0, 0.0017728805541992188, -2.045184373855591e-06, 0.11882324516773224], [0.0, 0.0, 0.0, 1.0]]]",5.5592041462659836e-05,0.0,1.9654753486975096e-05,"[4.690708374255337e-05, 4.690708374255337e-05, 4.607301525538787e-05, 5.459152453113347e-05, 8.348149276571348e-05]","[0.0, 0.0, 0.0, 0.0, 0.0]","[1.6584157492616214e-05, 1.6584157492616214e-05, 1.6289270206470974e-05, 1.930101825564634e-05, 2.951516398752574e-05]"
59,0.017809242010116577,0.9823679327964783,"[[-1.5707963705062866, -0.03542223200201988, -0.028795134276151657], [1.5707963705062866, -0.08814779669046402, 0.11848016083240509], [-1.5707963705062866, -0.35953351855278015, -0.2692084312438965], [1.5707963705062866, 0.07514999806880951, -0.1539364606142044], [-1.5707963705062866, -0.06612184643745422, -0.08235038816928864], [0.0, 0.1559496968984604, -0.12506230175495148], [-1.5707963705062866, 0.1354716271162033, -0.07526155561208725]]","[[-1.5707963705062866, -0.027798203751444817, -0.022597474977374077], [1.5707963705062866, -0.06917548924684525, 0.09297933429479599], [-1.5707963705062866, -0.2821500897407532, -0.2112659215927124], [1.5707963705062866, 0.05897524580359459, -0.12080427259206772], [-1.5707963705062866, -0.05189025029540062, -0.06462587416172028], [0.0, 0.12238419055938721, -0.0981447845697403], [-1.5707963705062866, 0.10631367564201355, -0.05906279385089874]]","[[-1.5707963705062866, -0.0, -0.0], [1.5707963705062866, -0.07174573838710785, 0.09643402695655823], [-1.5707963705062866, -0.2926335036754608, -0.21911561489105225], [1.5707963705062866, 0.06116649881005287, -0.1252928078174591], [-1.5707963705062866, -0.05381825938820839, -0.06702707707881927], [0.0, 0.12693142890930176, -0.10179140418767929], [-1.5707963705062866, 0.11026380956172943, -0.06125730276107788]]",,,,,,,,,,,
60,0.017737368121743202,0.9824379086494446,"[[-1.5707963705062866, -0.03538857027888298, -0.028816698119044304], [1.5707963705062866, -0.08814419060945511, 0.11856114864349365], [-1.5707963705062866, -0.35952046513557434, -0.26920321583747864], [1.5707963705062866, 0.07507354021072388, -0.15394780039787292], [-1.5707963705062866, -0.06602772325277328, -0.08231744915246964], [0.0, 0.1559581756591797, -0.1250264197587967], [-1.5707963705062866, 0.1354803740978241, -0.07528147101402283]]","[[-1.5707963705062866, -0.027773305773735046, -0.02261563390493393], [1.5707963705062866, -0.06917645037174225, 0.09304798394441605], [-1.5707963705062866, -0.28215527534484863, -0.21127338707447052], [1.5707963705062866, 0.05891846865415573, -0.12081978470087051], [-1.5707963705062866, -0.051819220185279846, -0.06460355967283249], [0.0, 0.12239754945039749, -0.0981219932436943], [-1.5707963705062866, 0.10632636398077011, -0.059081654995679855]]","[[-1.5707963705062866, -0.0, -0.0], [1.5707963705062866, -0.07174614816904068, 0.09650443494319916], [-1.5707963705062866, -0.2926364839076996, -0.2191215455532074], [1.5707963705062866, 0.06110711023211479, -0.1253078728914261], [-1.5707963705062866, -0.05374414846301079, -0.06700338423252106], [0.0, 0.12694424390792847, -0.1017669290304184], [-1.5707963705062866, 0.11027606576681137, -0.061276357620954514]]","[3, 6, 2, 1, 9]","[[[0.0, 0.0, -1.0, 0.28999999165534973], [-0.0, 1.0, 0.0, -0.15833400189876556], [1.0, 0.0, 0.0, 0.23125000298023224], [0.0, 0.0, 0.0, 1.0]], [[0.0, 0.0, -1.0, 0.28999999165534973], [-0.0, 1.0, 0.0, 0.0], [1.0, 0.0, 0.0, 0.23125000298023224], [0.0, 0.0, 0.0, 1.0]], [[0.0, 0.0, -1.0, 0.28999999165534973], [-0.0, 1.0, 0.0, -0.15833400189876556], [1.0, 0.0, 0.0, 0.11874999850988388], [0.0, 0.0, 0.0, 1.0]], [[0.0, 0.0, -1.0, 0.28999999165534973], [-0.0, 1.0, 0.0, -0.15833400189876556], [1.0, 0.0, 0.0, 0.0062500000931322575], [0.0, 0.0, 0.0, 1.0]], [[0.0, 0.0, -1.0, 0.28999999165534973], [-0.0, 1.0, 0.0, 0.15833400189876556], [1.0, 0.0, 0.0, 0.23125000298023224], [0.0, 0.0, 0.0, 1.0]]]","[0, 0, 0, 0, 0]","[[1.8746074438095093, 1.684475302696228, 3.1384377479553223, -1.4570988416671753, 2.985260248184204, 0.46051231026649475], [0.7342948317527771, 1.8257956504821777, 6.811841046783229e-08, 1.3157970905303955, -1.3348721265792847, 0.49837058782577515], [2.170809745788574, 1.68027663230896, -3.138432741165161, -1.461316704750061, 2.504761219024658, 1.236499547958374], [2.059941291809082, 1.6795252561569214, -3.1384334564208984, -1.462069034576416, 1.3305609226226807, 2.299833297729492], [0.6539900898933411, 2.3509488105773926, 8.96955540952149e-08, 0.7906438708305359, -0.9775460362434387, 0.06073977053165436]]","[[[-9.700655937194824e-06, 0.0029850006103515625, -1.0, 0.2900390625], [0.0009560585021972656, 1.0, 0.0029850006103515625, -0.1583251953125], [1.0, -0.0009560585021972656, -1.255422830581665e-05, 0.23120422661304474], [0.0, 0.0, 0.0, 1.0]], [[-1.1102230246251565e-16, 1.3023964129388332e-08, -1.0, 0.2900390625], [-1.3089447747915983e-08, 1.0, 1.3023964129388332e-08, 8.098140824586153e-09], [1.0, 1.3089447747915983e-08, 1.1102230246251565e-16, 0.23125000298023224], [0.0, 0.0, 0.0, 1.0]], [[2.298504114151001e-06, -0.0025920867919921875, -1.0, 0.2900390625], [-0.001773834228515625, 1.0, -0.0025920867919921875, -0.1583251953125], [1.0, 0.001773834228515625, -2.298504114151001e-06, 0.11882324516773224], [0.0, 0.0, 0.0, 1.0]], [[2.635642886161804e-06, -0.0027713775634765625, -1.0, 0.2900390625], [-0.001476287841796875, 1.0, -0.0027713775634765625, -0.1583251953125], [1.0, 0.001476287841796875, -1.4565885066986084e-06, 0.006274417042732239], [0.0, 0.0, 0.0, 1.0]], [[6.106226635438361e-16, -2.898741513490677e-08, -1.0, 0.2900390625], [-4.0599843487143517e-08, 1.0, -2.898741513490677e-08, 0.1583251953125], [1.0, 4.0599843487143517e-08, -6.106226635438361e-16, 0.23125000298023224], [0.0, 0.0, 0.0, 1.0]]]",5.40669025212992e-05,0.0,1.911553590616677e-05,"[6.082402978790924e-05, 3.9070844650268555e-05, 8.348149276571348e-05, 4.690708374255337e-05, 4.005105438409373e-05]","[0.0, 0.0, 0.0, 0.0, 0.0]","[2.150454201910179e-05, 1.381362926622387e-05, 2.951516398752574e-05, 1.6584157492616214e-05, 1.4160185855871532e-05]"
61,0.017697468400001526,0.9824768900871277,"[[-1.5707963705062866, -0.03535722941160202, -0.028836045414209366], [1.5707963705062866, -0.08813560754060745, 0.11863823235034943], [-1.5707963705062866, -0.3595052659511566, -0.2691957950592041], [1.5707963705062866, 0.07499627768993378, -0.15395702421665192], [-1.5707963705062866, -0.06593278795480728, -0.08228664845228195], [0.0, 0.15596486628055573, -0.12499275803565979], [-1.5707963705062866, 0.13548721373081207, -0.0752994567155838]]","[[-1.5707963705062866, -0.027750497683882713, -0.022632278501987457], [1.5707963705062866, -0.06917417049407959, 0.09311448037624359], [-1.5707963705062866, -0.28216153383255005, -0.2112811952829361], [1.5707963705062866, 0.0588616281747818, -0.12083481252193451], [-1.5707963705062866, -0.05174805223941803, -0.06458355486392975], [0.0, 0.12241068482398987, -0.0981018990278244], [-1.5707963705062866, 0.10633858293294907, -0.059099581092596054]]","[[-1.5707963705062866, -0.0, -0.0], [1.5707963705062866, -0.07174324244260788, 0.09657267481088638], [-1.5707963705062866, -0.2926407754421234, -0.21912801265716553], [1.5707963705062866, 0.06104770302772522, -0.12532252073287964], [-1.5707963705062866, -0.05366993322968483, -0.06698213517665863], [0.0, 0.12695692479610443, -0.10174532234668732], [-1.5707963705062866, 0.11028791218996048, -0.061294492334127426]]",,,,,,,,,,,
62,0.01764303632080555,0.9825301170349121,"[[-1.5707963705062866, -0.03532799333333969, -0.02885337732732296], [1.5707963705062866, -0.0881224274635315, 0.11871184408664703], [-1.5707963705062866, -0.3594881594181061, -0.2691863775253296], [1.5707963705062866, 0.07491829246282578, -0.1539643257856369], [-1.5707963705062866, -0.06583715975284576, -0.08225778490304947], [0.0, 0.15596993267536163, -0.12496110796928406], [-1.5707963705062866, 0.13549232482910156, -0.0753156989812851]]","[[-1.5707963705062866, -0.02772957645356655, -0.02264753356575966], [1.5707963705062866, -0.06916887313127518, 0.09317905455827713], [-1.5707963705062866, -0.2821687161922455, -0.2112892121076584], [1.5707963705062866, 0.0588047131896019, -0.1208493635058403], [-1.5707963705062866, -0.05167676880955696, -0.06456561386585236], [0.0, 0.12242359668016434, -0.0980842188000679], [-1.5707963705062866, 0.1063503548502922, -0.05911664292216301]]","[[-1.5707963705062866, -0.0, -0.0], [1.5707963705062866, -0.07173727452754974, 0.0966390073299408], [-1.5707963705062866, -0.29264628887176514, -0.2191348671913147], [1.5707963705062866, 0.06098826602101326, -0.12533678114414215], [-1.5707963705062866, -0.0535956434905529, -0.0669630840420723], [0.0, 0.12696947157382965, -0.10172630846500397], [-1.5707963705062866, 0.11029938608407974, -0.06131177768111229]]","[7, 9, 2, 4, 0]","[[[0.0, 0.0, -1.0, 0.28999999165534973], [-0.0, 1.0, 0.0, 0.15833400189876556], [1.0, 0.0, 0.0, 0.0062500000931322575], [0.0, 0.0, 0.0, 1.0]], [[0.0, 0.0, -1.0, 0.28999999165534973], [-0.0, 1.0, 0.0, 0.15833400189876556], [1.0, 0.0, 0.0, 0.23125000298023224], [0.0, 0.0, 0.0, 1.0]], [[0.0, 0.0, -1.0, 0.28999999165534973], [-0.0, 1.0, 0.0, -0.15833400189876556], [1.0, 0.0, 0.0, 0.11874999850988388], [0.0, 0.0, 0.0, 1.0]], [[0.0, 0.0, -1.0, 0.28999999165534973], [-0.0, 1.0, 0.0, 0.0], [1.0, 0.0, 0.0, 0.0062500000931322575], [0.0, 0.0, 0.0, 1.0]], [[0.0, -0.0, 1.0, 0.15000000596046448], [0.0, 1.0, 0.0, 0.0], [-1.0, 0.0, 0.0, 0.125], [0.0, 0.0, 0.0, 1.0]]]","[0, 0, 0, 0, 0]","[[0.5350596904754639, 2.3514602184295654, 7.136812030239525e-08, 0.7901325225830078, 1.9858299493789673, -3.02156662940979], [0.6546653509140015, 2.3514602184295654, 1.3259804632070882e-07, 0.790132462978363, -0.977382242679596, 0.06125107407569885], [2.17106294631958, 1.6801660060882568, -3.138432741165161, -1.4614273309707642, 2.506593704223633, 1.2349203824996948], [-1.8471943140029907, -0.20019978284835815, 1.0877920431084931e-07, -2.9413928985595703, 1.022965669631958, 1.8422290086746216], [-0.8015335202217102, 1.8265424966812134, 1.0542174777583568e-07, 1.3150501251220703, 0.8884783387184143, -0.11921560764312744]]","[[[1.2212453270876722e-15, -8.364440873265266e-08, -1.0, 0.2900390625], [-2.9802322387695312e-08, 1.0, -8.364440873265266e-08, 0.1583251953125], [1.0, 2.9802322387695312e-08, -1.27675647831893e-15, 0.006274417042732239], [0.0, 0.0, 0.0, 1.0]], [[5.551115123125783e-17, -2.6615452952682972e-08, -1.0, 0.2900390625], [-5.9262674767524e-09, 1.0, -2.6615452952682972e-08, 0.1583251953125], [1.0, 5.9262674767524e-09, -5.551115123125783e-17, 0.23125000298023224], [0.0, 0.0, 0.0, 1.0]], [[2.551823854446411e-06, -0.0025920867919921875, -1.0, 0.2900390625], [-0.0017747879028320312, 1.0, -0.0025920867919921875, -0.1583251953125], [1.0, 0.0017747879028320312, -2.0470470190048218e-06, 0.11882324516773224], [0.0, 0.0, 0.0, 1.0]], [[8.42846930027008e-08, -7.462222129106522e-08, -1.0, 0.2900390625], [3.0384398996829987e-08, 1.0, -7.462222129106522e-08, 5.5355485528707504e-08], [1.0, -3.0384398996829987e-08, 8.42846930027008e-08, 0.006274417042732239], [0.0, 0.0, 0.0, 1.0]], [[0.0, 3.59978002961725e-09, 1.0, 0.1500244140625], [1.329681253992021e-09, 1.0, -3.59978002961725e-09, 4.685716703534126e-08], [-1.0, 1.329681253992021e-09, 0.0, 0.12504883110523224], [0.0, 0.0, 0.0, 1.0]]]",5.422083268058486e-05,0.0,1.9169956431142054e-05,"[4.690708374255337e-05, 4.005105438409373e-05, 8.348149276571348e-05, 4.6073000703472644e-05, 5.459152453113347e-05]","[0.0, 0.0, 0.0, 0.0, 0.0]","[1.6584157492616214e-05, 1.4160185855871532e-05, 2.951516398752574e-05, 1.6289264749502763e-05, 1.930101825564634e-05]"
63,0.017623962834477425,0.9825488328933716,"[[-1.5707963705062866, -0.03530069440603256, -0.02886888198554516], [1.5707963705062866, -0.08810566365718842, 0.11878184974193573], [-1.5707963705062866, -0.3594692647457123, -0.26917514204978943], [1.5707963705062866, 0.07483965158462524, -0.153969869017601], [-1.5707963705062866, -0.06574102491140366, -0.08223070204257965], [0.0, 0.15597350895404816, -0.12493129819631577], [-1.5707963705062866, 0.1354958415031433, -0.07533033192157745]]","[[-1.5707963705062866, -0.02771039307117462, -0.022661540657281876], [1.5707963705062866, -0.0691613182425499, 0.09324155747890472], [-1.5707963705062866, -0.2821767330169678, -0.21129752695560455], [1.5707963705062866, 0.05874774605035782, -0.12086350470781326], [-1.5707963705062866, -0.05160549283027649, -0.06454958766698837], [0.0, 0.12243632972240448, -0.09806876629590988], [-1.5707963705062866, 0.1063617393374443, -0.05913292244076729]]","[[-1.5707963705062866, -0.0, -0.0], [1.5707963705062866, -0.07172898948192596, 0.09670323133468628], [-1.5707963705062866, -0.29265278577804565, -0.2191421389579773], [1.5707963705062866, 0.06092880666255951, -0.12535066902637482], [-1.5707963705062866, -0.05352139100432396, -0.06694604456424713], [0.0, 0.12698188424110413, -0.10170965641736984], [-1.5707963705062866, 0.11031050980091095, -0.061328284442424774]]",,,,,,,,,,,
64,0.01755644381046295,0.9826149344444275,"[[-1.5707963705062866, -0.035275157541036606, -0.028882725164294243], [1.5707963705062866, -0.08808543533086777, 0.11884916573762894], [-1.5707963705062866, -0.35944876074790955, -0.26916226744651794], [1.5707963705062866, 0.07476040720939636, -0.1539738029241562], [-1.5707963705062866, -0.06564488261938095, -0.08220522850751877], [0.0, 0.15597575902938843, -0.12490315735340118], [-1.5707963705062866, 0.13549792766571045, -0.07534349709749222]]","[[-1.5707963705062866, -0.027692776173353195, -0.02267439477145672], [1.5707963705062866, -0.06915150582790375, 0.09330258518457413], [-1.5707963705062866, -0.2821853756904602, -0.21130594611167908], [1.5707963705062866, 0.05869068577885628, -0.12087719142436981], [-1.5707963705062866, -0.051534540951251984, -0.0645352452993393], [0.0, 0.12244883179664612, -0.09805527329444885], [-1.5707963705062866, 0.10637269914150238, -0.05914844200015068]]","[[-1.5707963705062866, -0.0, -0.0], [1.5707963705062866, -0.07171840965747833, 0.09676597267389297], [-1.5707963705062866, -0.29266008734703064, -0.2191496193408966], [1.5707963705062866, 0.060869283974170685, -0.12536415457725525], [-1.5707963705062866, -0.05344749987125397, -0.06693079322576523], [0.0, 0.12699413299560547, -0.10169508308172226], [-1.5707963705062866, 0.11032125353813171, -0.06134403124451637]]","[9, 8, 2, 6, 5]","[[[0.0, 0.0, -1.0, 0.28999999165534973], [-0.0, 1.0, 0.0, 0.15833400189876556], [1.0, 0.0, 0.0, 0.23125000298023224], [0.0, 0.0, 0.0, 1.0]], [[0.0, 0.0, -1.0, 0.28999999165534973], [-0.0, 1.0, 0.0, 0.15833400189876556], [1.0, 0.0, 0.0, 0.11874999850988388], [0.0, 0.0, 0.0, 1.0]], [[0.0, 0.0, -1.0, 0.28999999165534973], [-0.0, 1.0, 0.0, -0.15833400189876556], [1.0, 0.0, 0.0, 0.11874999850988388], [0.0, 0.0, 0.0, 1.0]], [[0.0, 0.0, -1.0, 0.28999999165534973], [-0.0, 1.0, 0.0, 0.0], [1.0, 0.0, 0.0, 0.23125000298023224], [0.0, 0.0, 0.0, 1.0]], [[0.0, 0.0, -1.0, 0.28999999165534973], [-0.0, 1.0, 0.0, 0.0], [1.0, 0.0, 0.0, 0.11874999850988388], [0.0, 0.0, 0.0, 1.0]]]","[0, 0, 0, 0, 0]","[[0.6552768349647522, 2.3519227504730225, 1.5058577673698892e-07, 0.789669930934906, -0.9771475791931152, 0.06162795051932335], [1.0284706354141235, 2.3519227504730225, 1.6827499393912149e-07, 0.789669930934906, -1.4246419668197632, 0.882315993309021], [2.1712968349456787, 1.6800012588500977, -3.138432741165161, -1.4615920782089233, 2.5083179473876953, 1.2334307432174683], [0.7355750799179077, 1.827237844467163, 7.379605904134223e-08, 1.3143548965454102, -1.3332748413085938, 0.49805349111557007], [0.14841043949127197, 1.8272377252578735, 5.5208722926636256e-08, 1.3143550157546997, 1.5864949226379395, -3.008880853652954]]","[[[-5.551115123125783e-17, -3.712557372637093e-09, -1.0, 0.2900390625], [2.537854015827179e-08, 1.0, -3.712557372637093e-09, 0.1583251953125], [1.0, -2.537854015827179e-08, 5.551115123125783e-17, 0.23125000298023224], [0.0, 0.0, 0.0, 1.0]], [[6.661338147750939e-16, 2.6775524020195007e-08, -1.0, 0.2900390625], [4.912726581096649e-08, 1.0, 2.6775524020195007e-08, 0.1583251953125], [1.0, -4.912726581096649e-08, -6.106226635438361e-16, 0.11882324516773224], [0.0, 0.0, 0.0, 1.0]], [[2.300366759300232e-06, -0.0025920867919921875, -1.0, 0.2900390625], [-0.0017747879028320312, 1.0, -0.0025920867919921875, -0.1583251953125], [1.0, 0.0017747879028320312, -2.300366759300232e-06, 0.11882324516773224], [0.0, 0.0, 0.0, 1.0]], [[-5.551115123125783e-17, 1.4391844160854816e-08, -1.0, 0.2900390625], [-4.383764462545514e-09, 1.0, 1.4391844160854816e-08, 3.111199475824833e-08], [1.0, 4.383764462545514e-09, 5.551115123125783e-17, 0.23125000298023224], [0.0, 0.0, 0.0, 1.0]], [[0.0, 8.60018189996481e-09, -1.0, 0.2900390625], [-4.933099262416363e-09, 1.0, 8.60018189996481e-09, 1.807347871363163e-08], [1.0, 4.933099262416363e-09, 0.0, 0.11882324516773224], [0.0, 0.0, 0.0, 1.0]]]",6.582011701539159e-05,0.0,2.32709262490971e-05,"[4.005105438409373e-05, 8.348149276571348e-05, 8.348149276571348e-05, 3.907085920218378e-05, 8.301568595925346e-05]","[0.0, 0.0, 0.0, 0.0, 0.0]","[1.4160185855871532e-05, 2.951516398752574e-05, 2.951516398752574e-05, 1.3813634723192081e-05, 2.9350478143896908e-05]"
65,0.017524057999253273,0.9826464056968689,"[[-1.5707963705062866, -0.03525121137499809, -0.02889506332576275], [1.5707963705062866, -0.0880621150135994, 0.11891406029462814], [-1.5707963705062866, -0.3594267964363098, -0.2691479027271271], [1.5707963705062866, 0.07468035817146301, -0.15397629141807556], [-1.5707963705062866, -0.065548375248909, -0.08218120783567429], [0.0, 0.155976802110672, -0.12487652897834778], [-1.5707963705062866, 0.13549871742725372, -0.07535535842180252]]","[[-1.5707963705062866, -0.027676580473780632, -0.022686215117573738], [1.5707963705062866, -0.06913969665765762, 0.09336230903863907], [-1.5707963705062866, -0.28219467401504517, -0.21131454408168793], [1.5707963705062866, 0.05863335728645325, -0.12089052051305771], [-1.5707963705062866, -0.051463618874549866, -0.06452246010303497], [0.0, 0.12246116995811462, -0.09804359078407288], [-1.5707963705062866, 0.1063833236694336, -0.05916331708431244]]","[[-1.5707963705062866, -0.0, -0.0], [1.5707963705062866, -0.07170577347278595, 0.09682738780975342], [-1.5707963705062866, -0.2926681339740753, -0.21915733814239502], [1.5707963705062866, 0.06080949679017067, -0.12537729740142822], [-1.5707963705062866, -0.053373657166957855, -0.06691716611385345], [0.0, 0.12700623273849487, -0.10168240964412689], [-1.5707963705062866, 0.11033166944980621, -0.06135912239551544]]",,,,,,,,,,,
66,0.017439840361475945,0.9827287793159485,"[[-1.5707963705062866, -0.03522871807217598, -0.02890603058040142], [1.5707963705062866, -0.08803592622280121, 0.11897697299718857], [-1.5707963705062866, -0.35940349102020264, -0.26913216710090637], [1.5707963705062866, 0.0745997503399849, -0.15397746860980988], [-1.5707963705062866, -0.06545151025056839, -0.08215852081775665], [0.0, 0.15597675740718842, -0.1248512789607048], [-1.5707963705062866, 0.13549832999706268, -0.07536601275205612]]","[[-1.5707963705062866, -0.027661669999361038, -0.02269708178937435], [1.5707963705062866, -0.06912600994110107, 0.09342098981142044], [-1.5707963705062866, -0.28220444917678833, -0.21132318675518036], [1.5707963705062866, 0.05857589468359947, -0.12090346217155457], [-1.5707963705062866, -0.05139267444610596, -0.06451106071472168], [0.0, 0.12247330695390701, -0.09803351014852524], [-1.5707963705062866, 0.10639359802007675, -0.059177566319704056]]","[[-1.5707963705062866, -0.0, -0.0], [1.5707963705062866, -0.07169124484062195, 0.09688780456781387], [-1.5707963705062866, -0.2926769256591797, -0.21916531026363373], [1.5707963705062866, 0.06074962019920349, -0.12539014220237732], [-1.5707963705062866, -0.053299836814403534, -0.06690503656864166], [0.0, 0.12701824307441711, -0.1016714945435524], [-1.5707963705062866, 0.11034181714057922, -0.061373621225357056]]","[4, 1, 7, 3, 9]","[[[0.0, 0.0, -1.0, 0.28999999165534973], [-0.0, 1.0, 0.0, 0.0], [1.0, 0.0, 0.0, 0.0062500000931322575], [0.0, 0.0, 0.0, 1.0]], [[0.0, 0.0, -1.0, 0.28999999165534973], [-0.0, 1.0, 0.0, -0.15833400189876556], [1.0, 0.0, 0.0, 0.0062500000931322575], [0.0, 0.0, 0.0, 1.0]], [[0.0, 0.0, -1.0, 0.28999999165534973], [-0.0, 1.0, 0.0, 0.15833400189876556], [1.0, 0.0, 0.0, 0.0062500000931322575], [0.0, 0.0, 0.0, 1.0]], [[0.0, 0.0, -1.0, 0.28999999165534973], [-0.0, 1.0, 0.0, -0.15833400189876556], [1.0, 0.0, 0.0, 0.23125000298023224], [0.0, 0.0, 0.0, 1.0]], [[0.0, 0.0, -1.0, 0.28999999165534973], [-0.0, 1.0, 0.0, 0.15833400189876556], [1.0, 0.0, 0.0, 0.23125000298023224], [0.0, 0.0, 0.0, 1.0]]]","[0, 0, 0, 0, 0]","[[-1.8462132215499878, -0.20052888989448547, 1.0377061698818579e-07, -2.94106388092041, 1.0295124053955078, 1.8366632461547852], [2.068119764328003, 1.6790307760238647, -3.1384334564208984, -1.4625627994537354, 1.3554880619049072, 2.2830862998962402], [0.5357864499092102, 2.352346658706665, 8.055694422637316e-08, 0.7892459034919739, 1.9865479469299316, -3.0215578079223633], [1.8738700151443481, 1.6841750144958496, 3.138430595397949, -1.4574183225631714, 2.990086078643799, 0.4549379050731659], [0.6558380126953125, 2.352346658706665, 1.3333806236914825e-07, 0.7892458438873291, -0.976847231388092, 0.06188880279660225]]","[[[2.528540790081024e-07, -9.522773325443268e-08, -1.0, 0.2900390625], [-4.4819898903369904e-08, 1.0, -9.522773325443268e-08, 4.115281626582146e-08], [1.0, 4.4819898903369904e-08, 2.528540790081024e-07, 0.006274417042732239], [0.0, 0.0, 0.0, 1.0]], [[2.4903565645217896e-06, -0.0027599334716796875, -1.0, 0.2900390625], [-0.0014982223510742188, 1.0, -0.0027599334716796875, -0.1583251953125], [1.0, 0.0014982223510742188, -1.646578311920166e-06, 0.006274417042732239], [0.0, 0.0, 0.0, 1.0]], [[2.1094237467877974e-15, 8.422648534178734e-08, -1.0, 0.2900390625], [4.997127689421177e-08, 1.0, 8.422648534178734e-08, 0.1583251953125], [1.0, -4.997127689421177e-08, -2.1649348980190553e-15, 0.006274417042732239], [0.0, 0.0, 0.0, 1.0]], [[1.405365765094757e-06, 0.00299835205078125, -1.0, 0.2900390625], [0.0009374618530273438, 1.0, 0.00299835205078125, -0.1583251953125], [1.0, -0.0009374618530273438, -1.405365765094757e-06, 0.23125000298023224], [0.0, 0.0, 0.0, 1.0]], [[5.384581669432009e-15, 1.2316741049289703e-07, -1.0, 0.2900390625], [8.731149137020111e-08, 1.0, 1.2316741049289703e-07, 0.1583251953125], [1.0, -8.731149137020111e-08, -5.384581669432009e-15, 0.23125000298023224], [0.0, 0.0, 0.0, 1.0]]]",4.3997853936161846e-05,0.0,1.555558992549777e-05,"[4.607298978953622e-05, 4.690708374255337e-05, 4.690708374255337e-05, 4.005105438409373e-05, 4.005105438409373e-05]","[0.0, 0.0, 0.0, 0.0, 0.0]","[1.6289261111523956e-05, 1.6584157492616214e-05, 1.6584157492616214e-05, 1.4160185855871532e-05, 1.4160185855871532e-05]"
67,0.01738952100276947,0.982778012752533,"[[-1.5707963705062866, -0.035207536071538925, -0.02891574800014496], [1.5707963705062866, -0.08800756931304932, 0.11903806775808334], [-1.5707963705062866, -0.35937899351119995, -0.2691151797771454], [1.5707963705062866, 0.07451874762773514, -0.15397746860980988], [-1.5707963705062866, -0.06535440683364868, -0.08213704079389572], [0.0, 0.15597572922706604, -0.12482728809118271], [-1.5707963705062866, 0.1354968547821045, -0.07537555694580078]]","[[-1.5707963705062866, -0.027647919952869415, -0.022707078605890274], [1.5707963705062866, -0.06911095231771469, 0.09347870945930481], [-1.5707963705062866, -0.2822146415710449, -0.21133188903331757], [1.5707963705062866, 0.058518391102552414, -0.12091606855392456], [-1.5707963705062866, -0.05132178217172623, -0.06450092047452927], [0.0, 0.12248527258634567, -0.0980248898267746], [-1.5707963705062866, 0.10640353709459305, -0.059191230684518814]]","[[-1.5707963705062866, -0.0, -0.0], [1.5707963705062866, -0.07167530804872513, 0.09694723039865494], [-1.5707963705062866, -0.29268619418144226, -0.2191733419895172], [1.5707963705062866, 0.06068971008062363, -0.12540264427661896], [-1.5707963705062866, -0.05322607234120369, -0.06689421832561493], [0.0, 0.12703007459640503, -0.10166209191083908], [-1.5707963705062866, 0.11035162955522537, -0.06138751655817032]]",,,,,,,,,,,
68,0.01736481674015522,0.9828020334243774,"[[-1.5707963705062866, -0.03518754243850708, -0.028924331068992615], [1.5707963705062866, -0.08797726780176163, 0.11909734457731247], [-1.5707963705062866, -0.3593533933162689, -0.26909705996513367], [1.5707963705062866, 0.07443716377019882, -0.15397639572620392], [-1.5707963705062866, -0.06525696069002151, -0.08211664855480194], [0.0, 0.15597380697727203, -0.12480443716049194], [-1.5707963705062866, 0.1354943960905075, -0.07538411021232605]]","[[-1.5707963705062866, -0.027635231614112854, -0.02271629497408867], [1.5707963705062866, -0.06909468024969101, 0.09353545308113098], [-1.5707963705062866, -0.28222528100013733, -0.21134068071842194], [1.5707963705062866, 0.058460697531700134, -0.12092839926481247], [-1.5707963705062866, -0.05125084146857262, -0.06449192762374878], [0.0, 0.12249711155891418, -0.0980176255106926], [-1.5707963705062866, 0.10641320049762726, -0.05920439958572388]]","[[-1.5707963705062866, -0.0, -0.0], [1.5707963705062866, -0.07165812700986862, 0.09700566530227661], [-1.5707963705062866, -0.2926959693431854, -0.21918152272701263], [1.5707963705062866, 0.06062961742281914, -0.1254149079322815], [-1.5707963705062866, -0.05315227061510086, -0.0668846070766449], [0.0, 0.12704181671142578, -0.10165412724018097], [-1.5707963705062866, 0.11036118119955063, -0.06140091270208359]]","[3, 1, 7, 9, 0]","[[[0.0, 0.0, -1.0, 0.28999999165534973], [-0.0, 1.0, 0.0, -0.15833400189876556], [1.0, 0.0, 0.0, 0.23125000298023224], [0.0, 0.0, 0.0, 1.0]], [[0.0, 0.0, -1.0, 0.28999999165534973], [-0.0, 1.0, 0.0, -0.15833400189876556], [1.0, 0.0, 0.0, 0.0062500000931322575], [0.0, 0.0, 0.0, 1.0]], [[0.0, 0.0, -1.0, 0.28999999165534973], [-0.0, 1.0, 0.0, 0.15833400189876556], [1.0, 0.0, 0.0, 0.0062500000931322575], [0.0, 0.0, 0.0, 1.0]], [[0.0, 0.0, -1.0, 0.28999999165534973], [-0.0, 1.0, 0.0, 0.15833400189876556], [1.0, 0.0, 0.0, 0.23125000298023224], [0.0, 0.0, 0.0, 1.0]], [[0.0, -0.0, 1.0, 0.15000000596046448], [0.0, 1.0, 0.0, 0.0], [-1.0, 0.0, 0.0, 0.125], [0.0, 0.0, 0.0, 1.0]]]","[0, 0, 0, 0, 0]","[[1.8737545013427734, 1.6839239597320557, 3.138430595397949, -1.4576693773269653, 2.9914188385009766, 0.45348870754241943], [2.0704782009124756, 1.6787793636322021, -3.1384334564208984, -1.462814211845398, 1.3626936674118042, 2.2782399654388428], [-1.7957022190093994, -0.7248504757881165, -6.008963282511104e-08, -2.4167423248291016, 1.4932425022125244, 1.4234442710876465], [0.6563625335693359, 2.352738857269287, 1.056733225368589e-07, 0.7888538241386414, -0.9765058159828186, 0.06207188218832016], [-0.8007177710533142, 1.828513264656067, 1.2962243545189267e-07, 1.3130793571472168, 0.889885663986206, -0.11980722099542618]]","[[[1.4901161193847656e-06, 0.00299835205078125, -1.0, 0.2900390625], [0.0009374618530273438, 1.0, 0.00299835205078125, -0.1583251953125], [1.0, -0.0009374618530273438, -1.3206154108047485e-06, 0.23125000298023224], [0.0, 0.0, 0.0, 1.0]], [[2.4959444999694824e-06, -0.0027561187744140625, -1.0, 0.2900390625], [-0.0015048980712890625, 1.0, -0.0027561187744140625, -0.1583251953125], [1.0, 0.0015048980712890625, -1.6530975699424744e-06, 0.006274417042732239], [0.0, 0.0, 0.0, 1.0]], [[9.992007221626409e-16, -3.38477548211813e-08, -1.0, 0.2900390625], [-6.065238267183304e-08, 1.0, -3.38477548211813e-08, 0.1583251953125], [1.0, 6.065238267183304e-08, -9.992007221626409e-16, 0.006274417042732239], [0.0, 0.0, 0.0, 1.0]], [[1.6653345369377348e-16, -6.948539521545172e-09, -1.0, 0.2900390625], [-3.94647940993309e-08, 1.0, -6.948539521545172e-09, 0.1583251953125], [1.0, 3.94647940993309e-08, -1.1102230246251565e-16, 0.23125000298023224], [0.0, 0.0, 0.0, 1.0]], [[-3.3306690738754696e-16, 2.1565938368439674e-08, 1.0, 0.1500244140625], [-3.026798367500305e-08, 1.0, -2.1565938368439674e-08, 8.399365469813347e-08], [-1.0, -3.026798367500305e-08, 3.3306690738754696e-16, 0.12504883110523224], [0.0, 0.0, 0.0, 1.0]]]",4.5701570343226194e-05,0.0,1.615794280951377e-05,"[4.005105438409373e-05, 4.690708374255337e-05, 4.690708374255337e-05, 4.005105438409373e-05, 5.459156818687916e-05]","[0.0, 0.0, 0.0, 0.0, 0.0]","[1.4160185855871532e-05, 1.6584157492616214e-05, 1.6584157492616214e-05, 1.4160185855871532e-05, 1.9301034626550972e-05]"
69,0.017317382618784904,0.9828483462333679,"[[-1.5707963705062866, -0.03516865149140358, -0.028931884095072746], [1.5707963705062866, -0.0879451259970665, 0.11915507912635803], [-1.5707963705062866, -0.3593267798423767, -0.26907792687416077], [1.5707963705062866, 0.07435417175292969, -0.15397436916828156], [-1.5707963705062866, -0.06515934318304062, -0.08209726214408875], [0.0, 0.15597108006477356, -0.12478264421224594], [-1.5707963705062866, 0.1354910433292389, -0.0753917545080185]]","[[-1.5707963705062866, -0.027623513713479042, -0.02272479236125946], [1.5707963705062866, -0.06907723844051361, 0.0935913622379303], [-1.5707963705062866, -0.282236248254776, -0.2113495171070099], [1.5707963705062866, 0.058402109891176224, -0.12094046175479889], [-1.5707963705062866, -0.05117995664477348, -0.06448398530483246], [0.0, 0.12250880151987076, -0.0980115756392479], [-1.5707963705062866, 0.10642258077859879, -0.05921708792448044]]","[[-1.5707963705062866, -0.0, -0.0], [1.5707963705062866, -0.071639783680439, 0.09706329554319382], [-1.5707963705062866, -0.29270631074905396, -0.21918989717960358], [1.5707963705062866, 0.060568638145923615, -0.12542696297168732], [-1.5707963705062866, -0.05307856574654579, -0.0668761357665062], [0.0, 0.12705348432064056, -0.10164748877286911], [-1.5707963705062866, 0.11037051677703857, -0.061413850635290146]]",,,,,,,,,,,
70,0.017227554693818092,0.9829360842704773,"[[-1.5707963705062866, -0.03515077382326126, -0.028938498347997665], [1.5707963705062866, -0.08791147917509079, 0.11921138316392899], [-1.5707963705062866, -0.35929927229881287, -0.26905786991119385], [1.5707963705062866, 0.07426964491605759, -0.15397147834300995], [-1.5707963705062866, -0.06506134569644928, -0.08207876980304718], [0.0, 0.1559676229953766, -0.12476179748773575], [-1.5707963705062866, 0.1354868859052658, -0.07539857923984528]]","[[-1.5707963705062866, -0.027612702921032906, -0.022732647135853767], [1.5707963705062866, -0.06905889511108398, 0.09364654868841171], [-1.5707963705062866, -0.2822476625442505, -0.21135850250720978], [1.5707963705062866, 0.058342546224594116, -0.12095235288143158], [-1.5707963705062866, -0.051108963787555695, -0.06447700411081314], [0.0, 0.12252042442560196, -0.09800667315721512], [-1.5707963705062866, 0.10643177479505539, -0.05922938138246536]]","[[-1.5707963705062866, -0.0, -0.0], [1.5707963705062866, -0.07162050902843475, 0.09712019562721252], [-1.5707963705062866, -0.2927171289920807, -0.21919846534729004], [1.5707963705062866, 0.060506656765937805, -0.12543885409832], [-1.5707963705062866, -0.053004756569862366, -0.06686866283416748], [0.0, 0.12706509232521057, -0.10164204984903336], [-1.5707963705062866, 0.1103796660900116, -0.06142638623714447]]","[6, 5, 0, 1, 2]","[[[0.0, 0.0, -1.0, 0.28999999165534973], [-0.0, 1.0, 0.0, 0.0], [1.0, 0.0, 0.0, 0.23125000298023224], [0.0, 0.0, 0.0, 1.0]], [[0.0, 0.0, -1.0, 0.28999999165534973], [-0.0, 1.0, 0.0, 0.0], [1.0, 0.0, 0.0, 0.11874999850988388], [0.0, 0.0, 0.0, 1.0]], [[0.0, -0.0, 1.0, 0.15000000596046448], [0.0, 1.0, 0.0, 0.0], [-1.0, 0.0, 0.0, 0.125], [0.0, 0.0, 0.0, 1.0]], [[0.0, 0.0, -1.0, 0.28999999165534973], [-0.0, 1.0, 0.0, -0.15833400189876556], [1.0, 0.0, 0.0, 0.0062500000931322575], [0.0, 0.0, 0.0, 1.0]], [[0.0, 0.0, -1.0, 0.28999999165534973], [-0.0, 1.0, 0.0, -0.15833400189876556], [1.0, 0.0, 0.0, 0.11874999850988388], [0.0, 0.0, 0.0, 1.0]]]","[0, 0, 0, 0, 0]","[[0.7372658848762512, 1.8291144371032715, 7.305436611204641e-08, 1.3124783039093018, -1.330915927886963, 0.49738532304763794], [0.14950303733348846, 1.8291141986846924, 5.2866980126964336e-08, 1.3124785423278809, 1.5862621068954468, -3.0075554847717285], [-0.8004382252693176, 1.8291144371032715, 1.025554752231983e-07, 1.3124781847000122, 0.8902571797370911, -0.1198989599943161], [2.0726993083953857, 1.6784862279891968, -3.1384336948394775, -1.4631072282791138, 1.3694549798965454, 2.2737009525299072], [2.171959638595581, 1.6792495250701904, -3.1384329795837402, -1.4623438119888306, 2.5130579471588135, 1.2293559312820435]]","[[[-5.551115123125783e-17, 4.918547347187996e-09, -1.0, 0.2900390625], [-1.4515535440295935e-08, 1.0, 4.918547347187996e-09, 3.8242433220148087e-08], [1.0, 1.4515535440295935e-08, 5.551115123125783e-17, 0.23125000298023224], [0.0, 0.0, 0.0, 1.0]], [[0.0, 1.760781742632389e-08, -1.0, 0.2900390625], [-2.10275175049901e-09, 1.0, 1.760781742632389e-08, -2.0256265997886658e-08], [1.0, 2.10275175049901e-09, 0.0, 0.11882324516773224], [0.0, 0.0, 0.0, 1.0]], [[1.685693860054016e-07, 1.418811734765768e-08, 1.0, 0.1500244140625], [1.3395037967711687e-08, 1.0, -1.418811734765768e-08, 5.5821146816015244e-08], [-1.0, 1.3395037967711687e-08, 1.685693860054016e-07, 0.12504883110523224], [0.0, 0.0, 0.0, 1.0]], [[2.164393663406372e-06, -0.0027523040771484375, -1.0, 0.2900390625], [-0.0015115737915039062, 1.0, -0.0027523040771484375, -0.1583251953125], [1.0, 0.0015115737915039062, -1.996755599975586e-06, 0.006274417042732239], [0.0, 0.0, 0.0, 1.0]], [[2.386048436164856e-06, -0.002590179443359375, -1.0, 0.2900390625], [-0.0017766952514648438, 1.0, -0.002590179443359375, -0.1583251953125], [1.0, 0.0017766952514648438, -2.216547727584839e-06, 0.11882324516773224], [0.0, 0.0, 0.0, 1.0]]]",6.14133314229548e-05,0.0,2.1712890884373337e-05,"[3.907086284016259e-05, 8.301568595925346e-05, 5.459153180709109e-05, 4.690708374255337e-05, 8.348149276571348e-05]","[0.0, 0.0, 0.0, 0.0, 0.0]","[1.3813636542181484e-05, 2.9350478143896908e-05, 1.9301021893625148e-05, 1.6584157492616214e-05, 2.951516398752574e-05]"
71,0.0171449463814497,0.9830169677734375,"[[-1.5707963705062866, -0.035133909434080124, -0.02894418127834797], [1.5707963705062866, -0.08787697553634644, 0.11926678568124771], [-1.5707963705062866, -0.3592708706855774, -0.2690368592739105], [1.5707963705062866, 0.07418254017829895, -0.15396790206432343], [-1.5707963705062866, -0.06496351957321167, -0.08206117153167725], [0.0, 0.15596359968185425, -0.12474191188812256], [-1.5707963705062866, 0.1354820877313614, -0.07540467381477356]]","[[-1.5707963705062866, -0.027602775022387505, -0.022739846259355545], [1.5707963705062866, -0.06904008984565735, 0.0937013328075409], [-1.5707963705062866, -0.2822593152523041, -0.2113674134016037], [1.5707963705062866, 0.05828113108873367, -0.12096408754587173], [-1.5707963705062866, -0.05103825405240059, -0.06447093188762665], [0.0, 0.12253199517726898, -0.0980028361082077], [-1.5707963705062866, 0.10644080489873886, -0.059241291135549545]]","[[-1.5707963705062866, -0.0, -0.0], [1.5707963705062866, -0.0716007724404335, 0.0971767008304596], [-1.5707963705062866, -0.2927282750606537, -0.2192070037126541], [1.5707963705062866, 0.06044276803731918, -0.12545062601566315], [-1.5707963705062866, -0.05293125659227371, -0.06686215102672577], [0.0, 0.12707668542861938, -0.10163774341344833], [-1.5707963705062866, 0.11038867384195328, -0.06143854185938835]]",,,,,,,,,,,
72,0.017117928713560104,0.9830433130264282,"[[-1.5707963705062866, -0.035117968916893005, -0.028949018567800522], [1.5707963705062866, -0.08784167468547821, 0.11932121962308884], [-1.5707963705062866, -0.35924166440963745, -0.26901495456695557], [1.5707963705062866, 0.0740930587053299, -0.15396369993686676], [-1.5707963705062866, -0.06486579775810242, -0.08204438537359238], [0.0, 0.15595903992652893, -0.1247229054570198], [-1.5707963705062866, 0.1354767233133316, -0.07541010528802872]]","[[-1.5707963705062866, -0.02759365178644657, -0.022746451199054718], [1.5707963705062866, -0.06902086734771729, 0.09375565499067307], [-1.5707963705062866, -0.282271146774292, -0.21137626469135284], [1.5707963705062866, 0.058218006044626236, -0.12097569555044174], [-1.5707963705062866, -0.050967760384082794, -0.06446569412946701], [0.0, 0.12254352122545242, -0.09799998253583908], [-1.5707963705062866, 0.10644970834255219, -0.05925286188721657]]","[[-1.5707963705062866, -0.0, -0.0], [1.5707963705062866, -0.07158061861991882, 0.09723273664712906], [-1.5707963705062866, -0.2927396297454834, -0.2192154973745346], [1.5707963705062866, 0.06037711724638939, -0.12546227872371674], [-1.5707963705062866, -0.052857983857393265, -0.0668565109372139], [0.0, 0.1270882487297058, -0.10163447260856628], [-1.5707963705062866, 0.110397569835186, -0.061450351029634476]]","[0, 2, 5, 3, 9]","[[[0.0, -0.0, 1.0, 0.15000000596046448], [0.0, 1.0, 0.0, 0.0], [-1.0, 0.0, 0.0, 0.125], [0.0, 0.0, 0.0, 1.0]], [[0.0, 0.0, -1.0, 0.28999999165534973], [-0.0, 1.0, 0.0, -0.15833400189876556], [1.0, 0.0, 0.0, 0.11874999850988388], [0.0, 0.0, 0.0, 1.0]], [[0.0, 0.0, -1.0, 0.28999999165534973], [-0.0, 1.0, 0.0, 0.0], [1.0, 0.0, 0.0, 0.11874999850988388], [0.0, 0.0, 0.0, 1.0]], [[0.0, 0.0, -1.0, 0.28999999165534973], [-0.0, 1.0, 0.0, -0.15833400189876556], [1.0, 0.0, 0.0, 0.23125000298023224], [0.0, 0.0, 0.0, 1.0]], [[0.0, 0.0, -1.0, 0.28999999165534973], [-0.0, 1.0, 0.0, 0.15833400189876556], [1.0, 0.0, 0.0, 0.23125000298023224], [0.0, 0.0, 0.0, 1.0]]]","[0, 0, 0, 0, 0]","[[-0.8001478910446167, 1.8297127485275269, 9.980749382521026e-08, 1.3118797540664673, 0.8905782103538513, -0.1199297085404396], [2.172220468521118, 1.6789054870605469, -3.1384332180023193, -1.4626878499984741, 2.5145316123962402, 1.2281439304351807], [0.14984454214572906, 1.8297126293182373, 5.008737957723497e-08, 1.311880111694336, 1.5861233472824097, -3.007075071334839], [1.873629093170166, 1.683286190032959, 3.1384308338165283, -1.458307147026062, 2.9939560890197754, 0.45082414150238037], [0.65731281042099, 2.353471517562866, 1.227936365921778e-07, 0.7881211638450623, -0.9756739139556885, 0.06219025328755379]]","[[[2.3869795029440866e-15, 7.473863661289215e-08, 1.0, 0.1500244140625], [6.315531209111214e-08, 1.0, -7.473863661289215e-08, 3.6816345527768135e-08], [-1.0, 6.315531209111214e-08, -2.3869795029440866e-15, 0.12504883110523224], [0.0, 0.0, 0.0, 1.0]], [[2.553686499595642e-06, -0.002590179443359375, -1.0, 0.2900390625], [-0.00177764892578125, 1.0, -0.002590179443359375, -0.1583251953125], [1.0, 0.00177764892578125, -2.0489096641540527e-06, 0.11882324516773224], [0.0, 0.0, 0.0, 1.0]], [[0.0, -7.735252438578755e-10, -1.0, 0.2900390625], [4.602043190971017e-09, 1.0, -7.735252438578755e-10, 1.0433723218739033e-08], [1.0, -4.602043190971017e-09, 0.0, 0.11882324516773224], [0.0, 0.0, 0.0, 1.0]], [[1.3206154108047485e-06, 0.00299835205078125, -1.0, 0.2900390625], [0.0009369850158691406, 1.0, 0.00299835205078125, -0.1583251953125], [1.0, -0.0009369850158691406, -1.4891847968101501e-06, 0.23125000298023224], [0.0, 0.0, 0.0, 1.0]], [[0.0, 3.496097633615136e-09, -1.0, 0.2900390625], [6.049958756193519e-09, 1.0, 3.496097633615136e-09, 0.1583251953125], [1.0, -6.049958756193519e-09, 0.0, 0.23125000298023224], [0.0, 0.0, 0.0, 1.0]]]",6.023815876687877e-05,0.0,2.129740641976241e-05,"[5.459151725517586e-05, 8.348149276571348e-05, 8.301568595925346e-05, 4.005105438409373e-05, 4.005105438409373e-05]","[0.0, 0.0, 0.0, 0.0, 0.0]","[1.9301016436656937e-05, 2.951516398752574e-05, 2.9350478143896908e-05, 1.4160185855871532e-05, 1.4160185855871532e-05]"
73,0.017056962475180626,0.9831029176712036,"[[-1.5707963705062866, -0.035102877765893936, -0.02895308844745159], [1.5707963705062866, -0.0878055989742279, 0.11937472224235535], [-1.5707963705062866, -0.3592117130756378, -0.26899224519729614], [1.5707963705062866, 0.07400153577327728, -0.15395893156528473], [-1.5707963705062866, -0.06476832926273346, -0.0820283442735672], [0.0, 0.1559540182352066, -0.12470470368862152], [-1.5707963705062866, 0.13547085225582123, -0.07541492581367493]]","[[-1.5707963705062866, -0.027585262432694435, -0.022752508521080017], [1.5707963705062866, -0.06900119036436081, 0.09380948543548584], [-1.5707963705062866, -0.28228309750556946, -0.21138499677181244], [1.5707963705062866, 0.05815340206027031, -0.12098715454339981], [-1.5707963705062866, -0.05089757218956947, -0.06446119397878647], [0.0, 0.12255498021841049, -0.0979980006814003], [-1.5707963705062866, 0.10645847767591476, -0.05926410108804703]]","[[-1.5707963705062866, -0.0, -0.0], [1.5707963705062866, -0.07156001776456833, 0.09728829562664032], [-1.5707963705062866, -0.2927512228488922, -0.2192239612340927], [1.5707963705062866, 0.06030995026230812, -0.12547382712364197], [-1.5707963705062866, -0.05278505012392998, -0.0668516606092453], [0.0, 0.12709978222846985, -0.10163214057683945], [-1.5707963705062866, 0.11040636152029037, -0.06146183982491493]]",,,,,,,,,,,
74,0.01701842062175274,0.9831405878067017,"[[-1.5707963705062866, -0.03508855774998665, -0.02895646169781685], [1.5707963705062866, -0.08776816725730896, 0.11942747980356216], [-1.5707963705062866, -0.35918110609054565, -0.2689688205718994], [1.5707963705062866, 0.07390828430652618, -0.1539536565542221], [-1.5707963705062866, -0.06467125564813614, -0.08201297372579575], [0.0, 0.15594857931137085, -0.12468722462654114], [-1.5707963705062866, 0.13546451926231384, -0.07541919499635696]]","[[-1.5707963705062866, -0.027577539905905724, -0.02275807410478592], [1.5707963705062866, -0.0689806118607521, 0.09386296570301056], [-1.5707963705062866, -0.28229519724845886, -0.21139365434646606], [1.5707963705062866, 0.058087557554244995, -0.12099850922822952], [-1.5707963705062866, -0.05082779750227928, -0.06445736438035965], [0.0, 0.12256640195846558, -0.09799681603908539], [-1.5707963705062866, 0.10646713525056839, -0.05927504599094391]]","[[-1.5707963705062866, -0.0, -0.0], [1.5707963705062866, -0.07153850048780441, 0.09734351933002472], [-1.5707963705062866, -0.2927630543708801, -0.21923239529132843], [1.5707963705062866, 0.060241516679525375, -0.12548528611660004], [-1.5707963705062866, -0.05271255597472191, -0.06684752553701401], [0.0, 0.1271113157272339, -0.10163065791130066], [-1.5707963705062866, 0.11041507124900818, -0.06147303804755211]]","[5, 7, 8, 2, 6]","[[[0.0, 0.0, -1.0, 0.28999999165534973], [-0.0, 1.0, 0.0, 0.0], [1.0, 0.0, 0.0, 0.11874999850988388], [0.0, 0.0, 0.0, 1.0]], [[0.0, 0.0, -1.0, 0.28999999165534973], [-0.0, 1.0, 0.0, 0.15833400189876556], [1.0, 0.0, 0.0, 0.0062500000931322575], [0.0, 0.0, 0.0, 1.0]], [[0.0, 0.0, -1.0, 0.28999999165534973], [-0.0, 1.0, 0.0, 0.15833400189876556], [1.0, 0.0, 0.0, 0.11874999850988388], [0.0, 0.0, 0.0, 1.0]], [[0.0, 0.0, -1.0, 0.28999999165534973], [-0.0, 1.0, 0.0, -0.15833400189876556], [1.0, 0.0, 0.0, 0.11874999850988388], [0.0, 0.0, 0.0, 1.0]], [[0.0, 0.0, -1.0, 0.28999999165534973], [-0.0, 1.0, 0.0, 0.0], [1.0, 0.0, 0.0, 0.23125000298023224], [0.0, 0.0, 0.0, 1.0]]]","[0, 0, 0, 0, 0]","[[0.15017859637737274, 1.8303099870681763, 5.831093119468278e-08, 1.311282753944397, 1.585944414138794, -3.0065622329711914], [0.5369340777397156, 2.3538272380828857, 1.0543925554884481e-07, 0.7877655029296875, 1.9868338108062744, -3.0206961631774902], [1.030934453010559, 2.3538272380828857, 1.782134404493263e-07, 0.7877655029296875, -1.4226783514022827, 0.8828162550926208], [2.172517776489258, 1.6785129308700562, -3.1384332180023193, -1.4630802869796753, 2.515956401824951, 1.2270179986953735], [0.7382992506027222, 1.8303101062774658, 6.812722119775572e-08, 1.3112826347351074, -1.3292814493179321, 0.4967842698097229]]","[[[5.551115123125783e-17, -1.289299689233303e-08, -1.0, 0.2900390625], [-4.358298610895872e-09, 1.0, -1.289299689233303e-08, 4.270987119525671e-09], [1.0, 4.358298610895872e-09, -5.551115123125783e-17, 0.11882324516773224], [0.0, 0.0, 0.0, 1.0]], [[3.3306690738754696e-16, -2.7896021492779255e-08, -1.0, 0.2900390625], [-2.3967004381120205e-08, 1.0, -2.7896021492779255e-08, 0.1583251953125], [1.0, 2.3967004381120205e-08, -3.3306690738754696e-16, 0.006274417042732239], [0.0, 0.0, 0.0, 1.0]], [[0.0, -7.2432158049196005e-09, -1.0, 0.2900390625], [-3.014065441675484e-09, 1.0, -7.2432158049196005e-09, 0.1583251953125], [1.0, 3.014065441675484e-09, 0.0, 0.11882324516773224], [0.0, 0.0, 0.0, 1.0]], [[2.302229404449463e-06, -0.002590179443359375, -1.0, 0.2900390625], [-0.00177764892578125, 1.0, -0.002590179443359375, -0.1583251953125], [1.0, 0.00177764892578125, -2.302229404449463e-06, 0.11882324516773224], [0.0, 0.0, 0.0, 1.0]], [[0.0, -2.7284841053187847e-09, -1.0, 0.2900390625], [-7.450580596923828e-09, 1.0, -2.7284841053187847e-09, 1.543958205729723e-08], [1.0, 7.450580596923828e-09, 0.0, 0.23125000298023224], [0.0, 0.0, 0.0, 1.0]]]",6.719132943544537e-05,0.0,2.3755719666951336e-05,"[8.301568595925346e-05, 4.690708374255337e-05, 8.348149276571348e-05, 8.348149276571348e-05, 3.907084828824736e-05]","[0.0, 0.0, 0.0, 0.0, 0.0]","[2.9350478143896908e-05, 1.6584157492616214e-05, 2.951516398752574e-05, 2.951516398752574e-05, 1.3813631085213274e-05]"
75,0.016972126439213753,0.9831859469413757,"[[-1.5707963705062866, -0.03507494181394577, -0.028959201648831367], [1.5707963705062866, -0.08772871643304825, 0.1194799467921257], [-1.5707963705062866, -0.35914990305900574, -0.26894471049308777], [1.5707963705062866, 0.07381341606378555, -0.15394790470600128], [-1.5707963705062866, -0.0645744577050209, -0.08199822157621384], [0.0, 0.15594275295734406, -0.12467040866613388], [-1.5707963705062866, 0.13545778393745422, -0.07542295008897781]]","[[-1.5707963705062866, -0.027570437639951706, -0.022763198241591454], [1.5707963705062866, -0.06895860284566879, 0.09391646087169647], [-1.5707963705062866, -0.282307505607605, -0.2114022970199585], [1.5707963705062866, 0.05802056938409805, -0.12100978195667267], [-1.5707963705062866, -0.050758346915245056, -0.06445418298244476], [0.0, 0.12257781624794006, -0.09799639135599136], [-1.5707963705062866, 0.10647573322057724, -0.059285733848810196]]","[[-1.5707963705062866, -0.0, -0.0], [1.5707963705062866, -0.0715155154466629, 0.0973987802863121], [-1.5707963705062866, -0.2927751839160919, -0.21924087405204773], [1.5707963705062866, 0.060171909630298615, -0.12549670040607452], [-1.5707963705062866, -0.052640412002801895, -0.06684407591819763], [0.0, 0.1271228790283203, -0.10162999480962753], [-1.5707963705062866, 0.110423743724823, -0.06148398667573929]]",,,,,,,,,,,
76,0.016913339495658875,0.9832432866096497,"[[-1.5707963705062866, -0.035061970353126526, -0.028961366042494774], [1.5707963705062866, -0.0876881554722786, 0.1195322647690773], [-1.5707963705062866, -0.35911816358566284, -0.26892000436782837], [1.5707963705062866, 0.07371707260608673, -0.15394173562526703], [-1.5707963705062866, -0.0644778236746788, -0.0819840207695961], [0.0, 0.1559365838766098, -0.12465419620275497], [-1.5707963705062866, 0.13545067608356476, -0.07542623579502106]]","[[-1.5707963705062866, -0.02756388857960701, -0.022767910733819008], [1.5707963705062866, -0.06893584132194519, 0.09397001564502716], [-1.5707963705062866, -0.28231993317604065, -0.21141085028648376], [1.5707963705062866, 0.057952508330345154, -0.12102094292640686], [-1.5707963705062866, -0.05068909376859665, -0.06445155292749405], [0.0, 0.12258918583393097, -0.09799660742282867], [-1.5707963705062866, 0.10648424178361893, -0.05929616093635559]]","[[-1.5707963705062866, -0.0, -0.0], [1.5707963705062866, -0.07149175554513931, 0.09745412319898605], [-1.5707963705062866, -0.29278743267059326, -0.21924927830696106], [1.5707963705062866, 0.06010119989514351, -0.12550801038742065], [-1.5707963705062866, -0.052568480372428894, -0.06684120744466782], [0.0, 0.12713439762592316, -0.10163000226020813], [-1.5707963705062866, 0.11043233424425125, -0.06149467080831528]]","[2, 7, 0, 6, 9]","[[[0.0, 0.0, -1.0, 0.28999999165534973], [-0.0, 1.0, 0.0, -0.15833400189876556], [1.0, 0.0, 0.0, 0.11874999850988388], [0.0, 0.0, 0.0, 1.0]], [[0.0, 0.0, -1.0, 0.28999999165534973], [-0.0, 1.0, 0.0, 0.15833400189876556], [1.0, 0.0, 0.0, 0.0062500000931322575], [0.0, 0.0, 0.0, 1.0]], [[0.0, -0.0, 1.0, 0.15000000596046448], [0.0, 1.0, 0.0, 0.0], [-1.0, 0.0, 0.0, 0.125], [0.0, 0.0, 0.0, 1.0]], [[0.0, 0.0, -1.0, 0.28999999165534973], [-0.0, 1.0, 0.0, 0.0], [1.0, 0.0, 0.0, 0.23125000298023224], [0.0, 0.0, 0.0, 1.0]], [[0.0, 0.0, -1.0, 0.28999999165534973], [-0.0, 1.0, 0.0, 0.15833400189876556], [1.0, 0.0, 0.0, 0.23125000298023224], [0.0, 0.0, 0.0, 1.0]]]","[0, 0, 0, 0, 0]","[[2.172837495803833, 1.6780855655670166, -3.1384334564208984, -1.4635076522827148, 2.5173747539520264, 1.225920557975769], [1.1294543743133545, 2.3541769981384277, 1.8456020711710153e-07, 0.7874155640602112, -2.17276930809021, 1.7314271926879883], [-0.799521267414093, 1.830905795097351, 1.0223817525911727e-07, 1.3106868267059326, 0.8910669088363647, -0.1197919249534607], [-2.268575668334961, -0.20066289603710175, -3.5337575354787987e-07, -2.940929889678955, 2.2834091186523438, 0.16040360927581787], [0.6581540107727051, 2.354177236557007, 8.60576747641062e-08, 0.7874155044555664, -0.9746137857437134, 0.0619715116918087]]","[[[2.555549144744873e-06, -0.0025882720947265625, -1.0, 0.2900390625], [-0.0017786026000976562, 1.0, -0.0025882720947265625, -0.1583251953125], [1.0, 0.0017786026000976562, -2.0489096641540527e-06, 0.11882324516773224], [0.0, 0.0, 0.0, 1.0]], [[-8.42846930027008e-08, 2.9831426218152046e-08, -1.0, 0.2900390625], [8.777715265750885e-08, 1.0, 2.9831426218152046e-08, 0.1583251953125], [1.0, -8.777715265750885e-08, -8.42846930027008e-08, 0.006274417042732239], [0.0, 0.0, 0.0, 1.0]], [[5.551115123125783e-17, -5.453330231830478e-09, 1.0, 0.1500244140625], [-1.760781742632389e-08, 1.0, 5.453330231830478e-09, 3.879540599882603e-08], [-1.0, -1.760781742632389e-08, -5.551115123125783e-17, 0.12504883110523224], [0.0, 0.0, 0.0, 1.0]], [[8.42846930027008e-08, -5.3318217396736145e-08, -1.0, 0.2900390625], [-4.5925844460725784e-08, 1.0, -5.3318217396736145e-08, 8.061761036515236e-09], [1.0, 4.5925844460725784e-08, 8.42846930027008e-08, 0.23125000298023224], [0.0, 0.0, 0.0, 1.0]], [[2.275957200481571e-15, -7.933704182505608e-08, -1.0, 0.2900390625], [-5.7480065152049065e-08, 1.0, -7.933704182505608e-08, 0.1583251953125], [1.0, 5.7480065152049065e-08, -2.275957200481571e-15, 0.23125000298023224], [0.0, 0.0, 0.0, 1.0]]]",5.2820396376773715e-05,0.0,1.867483115347568e-05,"[8.348149276571348e-05, 4.690708374255337e-05, 5.459151725517586e-05, 3.9070844650268555e-05, 4.005105438409373e-05]","[0.0, 0.0, 0.0, 0.0, 0.0]","[2.951516398752574e-05, 1.6584157492616214e-05, 1.9301016436656937e-05, 1.381362926622387e-05, 1.4160185855871532e-05]"
77,0.016822224482893944,0.9833324551582336,"[[-1.5707963705062866, -0.03504958748817444, -0.028963014483451843], [1.5707963705062866, -0.08764669299125671, 0.1195845678448677], [-1.5707963705062866, -0.35908591747283936, -0.268894761800766], [1.5707963705062866, 0.07361941784620285, -0.15393519401550293], [-1.5707963705062866, -0.06438147276639938, -0.08197031915187836], [0.0, 0.15593010187149048, -0.12463854253292084], [-1.5707963705062866, 0.13544322550296783, -0.07542908936738968]]","[[-1.5707963705062866, -0.027557838708162308, -0.022772252559661865], [1.5707963705062866, -0.06891246140003204, 0.0940237045288086], [-1.5707963705062866, -0.28233233094215393, -0.2114192694425583], [1.5707963705062866, 0.057883478701114655, -0.1210319846868515], [-1.5707963705062866, -0.05062011629343033, -0.06444939970970154], [0.0, 0.1226004883646965, -0.09799741208553314], [-1.5707963705062866, 0.10649262368679047, -0.05930633842945099]]","[[-1.5707963705062866, -0.0, -0.0], [1.5707963705062866, -0.07146736979484558, 0.09750960767269135], [-1.5707963705062866, -0.292799711227417, -0.21925757825374603], [1.5707963705062866, 0.060029491782188416, -0.12551921606063843], [-1.5707963705062866, -0.05249684303998947, -0.06683884561061859], [0.0, 0.12714587152004242, -0.10163063555955887], [-1.5707963705062866, 0.11044080555438995, -0.06150510534644127]]",,,,,,,,,,,
78,0.01676037721335888,0.9833928942680359,"[[-1.5707963705062866, -0.035037748515605927, -0.028964199125766754], [1.5707963705062866, -0.08760426938533783, 0.1196368858218193], [-1.5707963705062866, -0.35905319452285767, -0.2688690423965454], [1.5707963705062866, 0.073520727455616, -0.15392829477787018], [-1.5707963705062866, -0.06428578495979309, -0.08195708692073822], [0.0, 0.15592333674430847, -0.1246233806014061], [-1.5707963705062866, 0.13543547689914703, -0.07543151825666428]]","[[-1.5707963705062866, -0.027552245184779167, -0.022776255384087563], [1.5707963705062866, -0.06888839602470398, 0.09407753497362137], [-1.5707963705062866, -0.28234466910362244, -0.21142756938934326], [1.5707963705062866, 0.057813677936792374, -0.1210428848862648], [-1.5707963705062866, -0.050551701337099075, -0.06444768607616425], [0.0, 0.12261170893907547, -0.097998708486557], [-1.5707963705062866, 0.10650089383125305, -0.0593162477016449]]","[[-1.5707963705062866, -0.0, -0.0], [1.5707963705062866, -0.07144227623939514, 0.09756524860858917], [-1.5707963705062866, -0.29281195998191833, -0.21926575899124146], [1.5707963705062866, 0.05995699018239975, -0.12553027272224426], [-1.5707963705062866, -0.05242579057812691, -0.06683693826198578], [0.0, 0.12715725600719452, -0.10163179039955139], [-1.5707963705062866, 0.1104491725564003, -0.061515264213085175]]","[6, 0, 3, 7, 4]","[[[0.0, 0.0, -1.0, 0.28999999165534973], [-0.0, 1.0, 0.0, 0.0], [1.0, 0.0, 0.0, 0.23125000298023224], [0.0, 0.0, 0.0, 1.0]], [[0.0, -0.0, 1.0, 0.15000000596046448], [0.0, 1.0, 0.0, 0.0], [-1.0, 0.0, 0.0, 0.125], [0.0, 0.0, 0.0, 1.0]], [[0.0, 0.0, -1.0, 0.28999999165534973], [-0.0, 1.0, 0.0, -0.15833400189876556], [1.0, 0.0, 0.0, 0.23125000298023224], [0.0, 0.0, 0.0, 1.0]], [[0.0, 0.0, -1.0, 0.28999999165534973], [-0.0, 1.0, 0.0, 0.15833400189876556], [1.0, 0.0, 0.0, 0.0062500000931322575], [0.0, 0.0, 0.0, 1.0]], [[0.0, 0.0, -1.0, 0.28999999165534973], [-0.0, 1.0, 0.0, 0.0], [1.0, 0.0, 0.0, 0.0062500000931322575], [0.0, 0.0, 0.0, 1.0]]]","[0, 0, 0, 0, 0]","[[0.7392918467521667, 1.8314992189407349, 7.593993700538704e-08, 1.3100935220718384, -1.327501654624939, 0.49599719047546387], [-0.7991780042648315, 1.8314992189407349, 1.0739495337475091e-07, 1.3100934028625488, 0.8912513256072998, -0.11963295936584473], [1.8738012313842773, 1.6820030212402344, 3.1384313106536865, -1.4595903158187866, 2.9975838661193848, 0.44736453890800476], [-1.7960519790649414, -0.7236310839653015, -3.949480742448941e-10, -2.417961597442627, 1.5014376640319824, 1.414899230003357], [-1.8437455892562866, -0.20060774683952332, 3.3685864764265716e-08, -2.9409849643707275, 1.046983242034912, 1.8216601610183716]]","[[[-1.1102230246251565e-16, 1.1918018572032452e-08, -1.0, 0.2900390625], [-1.7826096154749393e-08, 1.0, 1.1918018572032452e-08, 1.6574631445109844e-08], [1.0, 1.7826096154749393e-08, 1.1102230246251565e-16, 0.23125000298023224], [0.0, 0.0, 0.0, 1.0]], [[0.0, 8.301867637783289e-09, 1.0, 0.1500244140625], [4.114554030820727e-09, 1.0, -8.301867637783289e-09, 4.6100467443466187e-08], [-1.0, 4.114554030820727e-09, 0.0, 0.12504883110523224], [0.0, 0.0, 0.0, 1.0]], [[1.2367963790893555e-06, 0.00299835205078125, -1.0, 0.2900390625], [0.0009374618530273438, 1.0, 0.00299835205078125, -0.1583251953125], [1.0, -0.0009374618530273438, -1.5739351511001587e-06, 0.23125000298023224], [0.0, 0.0, 0.0, 1.0]], [[-1.4432899320127035e-15, -4.368484951555729e-08, -1.0, 0.2900390625], [6.431946530938148e-08, 1.0, -4.368484951555729e-08, 0.1583251953125], [1.0, -6.431946530938148e-08, 1.3877787807814457e-15, 0.006274417042732239], [0.0, 0.0, 0.0, 1.0]], [[-2.7755575615628914e-16, -6.490154191851616e-08, -1.0, 0.2900390625], [7.436028681695461e-09, 1.0, -6.490154191851616e-08, 5.209585651755333e-08], [1.0, -7.436028681695461e-09, 2.7755575615628914e-16, 0.006274417042732239], [0.0, 0.0, 0.0, 1.0]]]",4.533870014711283e-05,0.0,1.6029651305871084e-05,"[3.907084828824736e-05, 5.459152453113347e-05, 4.005105438409373e-05, 4.690708374255337e-05, 4.607299706549384e-05]","[0.0, 0.0, 0.0, 0.0, 0.0]","[1.3813631085213274e-05, 1.930101825564634e-05, 1.4160185855871532e-05, 1.6584157492616214e-05, 1.6289264749502763e-05]"
79,0.016722744330763817,0.9834297299385071,"[[-1.5707963705062866, -0.03502640500664711, -0.028964964672923088], [1.5707963705062866, -0.08756107091903687, 0.11968902498483658], [-1.5707963705062866, -0.35902008414268494, -0.2688428461551666], [1.5707963705062866, 0.07342097908258438, -0.15392106771469116], [-1.5707963705062866, -0.06419046968221664, -0.08194426447153091], [0.0, 0.15591631829738617, -0.12460867315530777], [-1.5707963705062866, 0.13542747497558594, -0.07543355971574783]]","[[-1.5707963705062866, -0.027547072619199753, -0.022779956459999084], [1.5707963705062866, -0.06886379420757294, 0.09413133561611176], [-1.5707963705062866, -0.28235703706741333, -0.2114357352256775], [1.5707963705062866, 0.057743094861507416, -0.12105367332696915], [-1.5707963705062866, -0.05048361420631409, -0.06444636732339859], [0.0, 0.12262286990880966, -0.09800047427415848], [-1.5707963705062866, 0.10650908946990967, -0.05932592228055]]","[[-1.5707963705062866, -0.0, -0.0], [1.5707963705062866, -0.07141663879156113, 0.0976208746433258], [-1.5707963705062866, -0.29282426834106445, -0.21927385032176971], [1.5707963705062866, 0.059883683919906616, -0.12554123997688293], [-1.5707963705062866, -0.0523550882935524, -0.06683545559644699], [0.0, 0.12716861069202423, -0.10163344442844391], [-1.5707963705062866, 0.11045747995376587, -0.06152518838644028]]",,,,,,,,,,,
80,0.016650225967168808,0.9835006594657898,"[[-1.5707963705062866, -0.035015493631362915, -0.02896535024046898], [1.5707963705062866, -0.08751637488603592, 0.11974114179611206], [-1.5707963705062866, -0.35898658633232117, -0.2688162624835968], [1.5707963705062866, 0.07332023978233337, -0.15391354262828827], [-1.5707963705062866, -0.06409526616334915, -0.08193182200193405], [0.0, 0.15590906143188477, -0.12459436804056168], [-1.5707963705062866, 0.13541921973228455, -0.07543525844812393]]","[[-1.5707963705062866, -0.027542276307940483, -0.022783391177654266], [1.5707963705062866, -0.06883810460567474, 0.09418527036905289], [-1.5707963705062866, -0.2823695242404938, -0.21144388616085052], [1.5707963705062866, 0.057671792805194855, -0.12106439471244812], [-1.5707963705062866, -0.05041566863656044, -0.06444544345140457], [0.0, 0.12263401597738266, -0.09800268709659576], [-1.5707963705062866, 0.1065172404050827, -0.059335414320230484]]","[[-1.5707963705062866, -0.0, -0.0], [1.5707963705062866, -0.07138988375663757, 0.09767665714025497], [-1.5707963705062866, -0.2928367853164673, -0.21928197145462036], [1.5707963705062866, 0.059809647500514984, -0.12555217742919922], [-1.5707963705062866, -0.052284542471170425, -0.06683439016342163], [0.0, 0.12717998027801514, -0.10163558274507523], [-1.5707963705062866, 0.11046576499938965, -0.06153493747115135]]","[8, 1, 6, 4, 7]","[[[0.0, 0.0, -1.0, 0.28999999165534973], [-0.0, 1.0, 0.0, 0.15833400189876556], [1.0, 0.0, 0.0, 0.11874999850988388], [0.0, 0.0, 0.0, 1.0]], [[0.0, 0.0, -1.0, 0.28999999165534973], [-0.0, 1.0, 0.0, -0.15833400189876556], [1.0, 0.0, 0.0, 0.0062500000931322575], [0.0, 0.0, 0.0, 1.0]], [[0.0, 0.0, -1.0, 0.28999999165534973], [-0.0, 1.0, 0.0, 0.0], [1.0, 0.0, 0.0, 0.23125000298023224], [0.0, 0.0, 0.0, 1.0]], [[0.0, 0.0, -1.0, 0.28999999165534973], [-0.0, 1.0, 0.0, 0.0], [1.0, 0.0, 0.0, 0.0062500000931322575], [0.0, 0.0, 0.0, 1.0]], [[0.0, 0.0, -1.0, 0.28999999165534973], [-0.0, 1.0, 0.0, 0.15833400189876556], [1.0, 0.0, 0.0, 0.0062500000931322575], [0.0, 0.0, 0.0, 1.0]]]","[0, 0, 0, 0, 0]","[[0.17862850427627563, 2.3548641204833984, 1.0014946383307688e-07, 0.7867285013198853, 1.235960841178894, -2.62812876701355], [2.0823984146118164, 1.6763660907745361, -3.1384341716766357, -1.4652271270751953, 1.3978164196014404, 2.2550454139709473], [0.7397797107696533, 1.8320908546447754, 8.280434826701821e-08, 1.3095018863677979, -1.3265665769577026, 0.4955499470233917], [-1.8433921337127686, -0.20053547620773315, 7.083144737407565e-09, -2.9410572052001953, 1.049688696861267, 1.8193081617355347], [1.1305053234100342, 2.3548641204833984, 1.863297569570932e-07, 0.7867286205291748, -2.171032190322876, 1.730741024017334]]","[[[6.661338147750939e-16, 4.391768015921116e-08, -1.0, 0.2900390625], [2.9016518965363503e-08, 1.0, 4.391768015921116e-08, 0.1583251953125], [1.0, -2.9016518965363503e-08, -6.106226635438361e-16, 0.11882324516773224], [0.0, 0.0, 0.0, 1.0]], [[2.1904706954956055e-06, -0.00273895263671875, -1.0, 0.2900390625], [-0.001537322998046875, 1.0, -0.00273895263671875, -0.1583251953125], [1.0, 0.001537322998046875, -2.0209699869155884e-06, 0.006274417042732239], [0.0, 0.0, 0.0, 1.0]], [[-5.551115123125783e-17, 1.752050593495369e-08, -1.0, 0.2900390625], [-6.788468454033136e-09, 1.0, 1.752050593495369e-08, 1.0157236829400063e-08], [1.0, 6.788468454033136e-09, 5.551115123125783e-17, 0.23125000298023224], [0.0, 0.0, 0.0, 1.0]], [[-9.43689570931383e-16, -5.066976882517338e-08, -1.0, 0.2900390625], [3.7136487662792206e-08, 1.0, -5.066976882517338e-08, 3.952300176024437e-08], [1.0, -3.7136487662792206e-08, 9.43689570931383e-16, 0.006274417042732239], [0.0, 0.0, 0.0, 1.0]], [[7.216449660063518e-16, -2.841989044100046e-08, -1.0, 0.2900390625], [-4.901085048913956e-08, 1.0, -2.841989044100046e-08, 0.1583251953125], [1.0, 4.901085048913956e-08, -7.216449660063518e-16, 0.006274417042732239], [0.0, 0.0, 0.0, 1.0]]]",5.2487896027741954e-05,0.0,1.8557273506303318e-05,"[8.348149276571348e-05, 4.690708374255337e-05, 3.9070844650268555e-05, 4.6072986151557416e-05, 4.690708374255337e-05]","[0.0, 0.0, 0.0, 0.0, 0.0]","[2.951516398752574e-05, 1.6584157492616214e-05, 1.381362926622387e-05, 1.6289261111523956e-05, 1.6584157492616214e-05]"
81,0.016611304134130478,0.9835387468338013,"[[-1.5707963705062866, -0.035004980862140656, -0.028965391218662262], [1.5707963705062866, -0.08747003227472305, 0.11979342997074127], [-1.5707963705062866, -0.35895276069641113, -0.2687893211841583], [1.5707963705062866, 0.07321861386299133, -0.1539057493209839], [-1.5707963705062866, -0.06400034576654434, -0.08191971480846405], [0.0, 0.15590159595012665, -0.12458043545484543], [-1.5707963705062866, 0.13541077077388763, -0.07543665170669556]]","[[-1.5707963705062866, -0.02753783017396927, -0.022786585614085197], [1.5707963705062866, -0.06881120055913925, 0.09423947334289551], [-1.5707963705062866, -0.2823821008205414, -0.21145203709602356], [1.5707963705062866, 0.05759984999895096, -0.12107506394386292], [-1.5707963705062866, -0.05034799501299858, -0.06444486230611801], [0.0, 0.12264516204595566, -0.09800533205270767], [-1.5707963705062866, 0.10652537643909454, -0.05934474617242813]]","[[-1.5707963705062866, -0.0, -0.0], [1.5707963705062866, -0.07136188447475433, 0.09773273020982742], [-1.5707963705062866, -0.2928493916988373, -0.2192901074886322], [1.5707963705062866, 0.059734951704740524, -0.12556305527687073], [-1.5707963705062866, -0.05221428722143173, -0.06683369725942612], [0.0, 0.12719134986400604, -0.10163817554712296], [-1.5707963705062866, 0.11047404259443283, -0.06154453009366989]]",,,,,,,,,,,
82,0.01657138019800186,0.9835779070854187,"[[-1.5707963705062866, -0.034994807094335556, -0.028965115547180176], [1.5707963705062866, -0.08742091059684753, 0.11984597891569138], [-1.5707963705062866, -0.35891860723495483, -0.2687620520591736], [1.5707963705062866, 0.07311630249023438, -0.1538977175951004], [-1.5707963705062866, -0.06390567123889923, -0.08190792053937912], [0.0, 0.155893936753273, -0.12456684559583664], [-1.5707963705062866, 0.1354021281003952, -0.07543778419494629]]","[[-1.5707963705062866, -0.027533691376447678, -0.022789567708969116], [1.5707963705062866, -0.06878221780061722, 0.09429405629634857], [-1.5707963705062866, -0.2823948860168457, -0.21146027743816376], [1.5707963705062866, 0.057527441531419754, -0.1210857406258583], [-1.5707963705062866, -0.05028057470917702, -0.0644446313381195], [0.0, 0.12265635281801224, -0.0980084016919136], [-1.5707963705062866, 0.10653353482484818, -0.059353966265916824]]","[[-1.5707963705062866, -0.0, -0.0], [1.5707963705062866, -0.07133172452449799, 0.09778919816017151], [-1.5707963705062866, -0.2928622364997864, -0.2192983478307724], [1.5707963705062866, 0.05965977534651756, -0.12557394802570343], [-1.5707963705062866, -0.05214429274201393, -0.06683336198329926], [0.0, 0.12720277905464172, -0.1016412153840065], [-1.5707963705062866, 0.1104823499917984, -0.06155400350689888]]","[9, 5, 3, 4, 8]","[[[0.0, 0.0, -1.0, 0.28999999165534973], [-0.0, 1.0, 0.0, 0.15833400189876556], [1.0, 0.0, 0.0, 0.23125000298023224], [0.0, 0.0, 0.0, 1.0]], [[0.0, 0.0, -1.0, 0.28999999165534973], [-0.0, 1.0, 0.0, 0.0], [1.0, 0.0, 0.0, 0.11874999850988388], [0.0, 0.0, 0.0, 1.0]], [[0.0, 0.0, -1.0, 0.28999999165534973], [-0.0, 1.0, 0.0, -0.15833400189876556], [1.0, 0.0, 0.0, 0.23125000298023224], [0.0, 0.0, 0.0, 1.0]], [[0.0, 0.0, -1.0, 0.28999999165534973], [-0.0, 1.0, 0.0, 0.0], [1.0, 0.0, 0.0, 0.0062500000931322575], [0.0, 0.0, 0.0, 1.0]], [[0.0, 0.0, -1.0, 0.28999999165534973], [-0.0, 1.0, 0.0, 0.15833400189876556], [1.0, 0.0, 0.0, 0.11874999850988388], [0.0, 0.0, 0.0, 1.0]]]","[0, 0, 0, 0, 0]","[[0.6592814922332764, 2.3552017211914062, 1.0631097779878473e-07, 0.786391019821167, -0.9726124405860901, 0.061097633093595505], [0.1515219658613205, 1.8326807022094727, 6.33550456541343e-08, 1.3089120388031006, 1.5848428010940552, -3.004117250442505], [1.8740475177764893, 1.6810075044631958, 3.1384317874908447, -1.4605858325958252, 2.999964475631714, 0.44522684812545776], [-1.8430618047714233, -0.2004491686820984, 2.896649675676599e-08, -2.94114351272583, 1.0523046255111694, 1.817022681236267], [1.0327184200286865, 2.355201482772827, 1.8720984940046037e-07, 0.7863910794258118, -1.4200979471206665, 0.8820199370384216]]","[[[0.0, -1.9572325982153416e-08, -1.0, 0.2900390625], [3.7698555388487875e-10, 1.0, -1.9572325982153416e-08, 0.1583251953125], [1.0, -3.7698555388487875e-10, 0.0, 0.23125000298023224], [0.0, 0.0, 0.0, 1.0]], [[-5.551115123125783e-17, -2.2948370315134525e-08, -1.0, 0.2900390625], [3.47245077136904e-09, 1.0, -2.2948370315134525e-08, 4.2549800127744675e-08], [1.0, -3.47245077136904e-09, 5.551115123125783e-17, 0.11882324516773224], [0.0, 0.0, 0.0, 1.0]], [[1.5748664736747742e-06, 0.00299835205078125, -1.0, 0.2900390625], [0.0009379386901855469, 1.0, 0.00299835205078125, -0.1583251953125], [1.0, -0.0009379386901855469, -1.237727701663971e-06, 0.23125000298023224], [0.0, 0.0, 0.0, 1.0]], [[-1.1102230246251565e-15, -5.7392753660678864e-08, -1.0, 0.2900390625], [3.748573362827301e-08, 1.0, -5.7392753660678864e-08, 3.262539394199848e-08], [1.0, -3.748573362827301e-08, 1.0547118733938987e-15, 0.006274417042732239], [0.0, 0.0, 0.0, 1.0]], [[-2.609024107869118e-15, -2.9336661100387573e-08, -1.0, 0.2900390625], [1.7951242625713348e-07, 1.0, -2.9336661100387573e-08, 0.1583251953125], [1.0, -1.7951242625713348e-07, 2.609024107869118e-15, 0.11882324516773224], [0.0, 0.0, 0.0, 1.0]]]",5.853445691172965e-05,0.0,2.0695055354735814e-05,"[4.005105438409373e-05, 8.301569323521107e-05, 4.005105438409373e-05, 4.607298251357861e-05, 8.348149276571348e-05]","[0.0, 0.0, 0.0, 0.0, 0.0]","[1.4160185855871532e-05, 2.935047996288631e-05, 1.4160185855871532e-05, 1.6289259292534553e-05, 2.951516398752574e-05]"
83,0.016509421169757843,0.9836384057998657,"[[-1.5707963705062866, -0.034984931349754333, -0.028964553028345108], [1.5707963705062866, -0.08736933022737503, 0.11989866197109222], [-1.5707963705062866, -0.35888418555259705, -0.2687344551086426], [1.5707963705062866, 0.07301342487335205, -0.1538894772529602], [-1.5707963705062866, -0.06381136178970337, -0.08189640194177628], [0.0, 0.15588609874248505, -0.12455356121063232], [-1.5707963705062866, 0.13539330661296844, -0.07543867826461792]]","[[-1.5707963705062866, -0.027529820799827576, -0.022792354226112366], [1.5707963705062866, -0.06875137239694595, 0.09434886276721954], [-1.5707963705062866, -0.2824077904224396, -0.21146850287914276], [1.5707963705062866, 0.057454634457826614, -0.1210964098572731], [-1.5707963705062866, -0.05021348595619202, -0.06444469094276428], [0.0, 0.12266756594181061, -0.09801182895898819], [-1.5707963705062866, 0.10654167830944061, -0.05936307832598686]]","[[-1.5707963705062866, -0.0, -0.0], [1.5707963705062866, -0.07129966467618942, 0.09784592688083649], [-1.5707963705062866, -0.2928753197193146, -0.21930664777755737], [1.5707963705062866, 0.05958420783281326, -0.12558488547801971], [-1.5707963705062866, -0.05207466334104538, -0.06683335453271866], [0.0, 0.12721426784992218, -0.10164466500282288], [-1.5707963705062866, 0.11049067974090576, -0.061563387513160706]]",,,,,,,,,,,
84,0.016458235681056976,0.9836885333061218,"[[-1.5707963705062866, -0.03497534245252609, -0.028963731601834297], [1.5707963705062866, -0.08731451630592346, 0.1199515238404274], [-1.5707963705062866, -0.35884955525398254, -0.2687065899372101], [1.5707963705062866, 0.07291009277105331, -0.1538810431957245], [-1.5707963705062866, -0.0637173056602478, -0.08188514411449432], [0.0, 0.15587808191776276, -0.1245405450463295], [-1.5707963705062866, 0.13538436591625214, -0.07543935626745224]]","[[-1.5707963705062866, -0.02752622589468956, -0.022794978693127632], [1.5707963705062866, -0.06871809810400009, 0.09440401196479797], [-1.5707963705062866, -0.2824210822582245, -0.21147693693637848], [1.5707963705062866, 0.057381559163331985, -0.12110715359449387], [-1.5707963705062866, -0.050146669149398804, -0.06444508582353592], [0.0, 0.12267886102199554, -0.09801565110683441], [-1.5707963705062866, 0.1065499410033226, -0.05937213450670242]]","[[-1.5707963705062866, -0.0, -0.0], [1.5707963705062866, -0.07126506417989731, 0.09790300577878952], [-1.5707963705062866, -0.29288873076438904, -0.21931512653827667], [1.5707963705062866, 0.05950834974646568, -0.12559586763381958], [-1.5707963705062866, -0.052005305886268616, -0.06683368235826492], [0.0, 0.1272258311510086, -0.10164850205183029], [-1.5707963705062866, 0.11049910634756088, -0.06157270446419716]]","[6, 4, 3, 0, 5]","[[[0.0, 0.0, -1.0, 0.28999999165534973], [-0.0, 1.0, 0.0, 0.0], [1.0, 0.0, 0.0, 0.23125000298023224], [0.0, 0.0, 0.0, 1.0]], [[0.0, 0.0, -1.0, 0.28999999165534973], [-0.0, 1.0, 0.0, 0.0], [1.0, 0.0, 0.0, 0.0062500000931322575], [0.0, 0.0, 0.0, 1.0]], [[0.0, 0.0, -1.0, 0.28999999165534973], [-0.0, 1.0, 0.0, -0.15833400189876556], [1.0, 0.0, 0.0, 0.23125000298023224], [0.0, 0.0, 0.0, 1.0]], [[0.0, -0.0, 1.0, 0.15000000596046448], [0.0, 1.0, 0.0, 0.0], [-1.0, 0.0, 0.0, 0.125], [0.0, 0.0, 0.0, 1.0]], [[0.0, 0.0, -1.0, 0.28999999165534973], [-0.0, 1.0, 0.0, 0.0], [1.0, 0.0, 0.0, 0.11874999850988388], [0.0, 0.0, 0.0, 1.0]]]","[0, 0, 0, 0, 0]","[[0.7407419681549072, 1.8332680463790894, 7.965091697315074e-08, 1.3083246946334839, -1.3245106935501099, 0.4944562315940857], [-1.8427581787109375, -0.2003515511751175, 2.1473169908858836e-09, -2.9412412643432617, 1.05479896068573, 1.8148318529129028], [1.8741631507873535, 1.6804853677749634, 3.138432025909424, -1.4611079692840576, 3.001164674758911, 0.44414085149765015], [-0.7980107069015503, 1.8332679271697998, 1.0357717883380246e-07, 1.3083246946334839, 0.8915407061576843, -0.11875511705875397], [0.1518654078245163, 1.8332679271697998, 5.273057723798047e-08, 1.3083248138427734, 1.5844345092773438, -3.0033655166625977]]","[[[5.551115123125783e-17, -8.672941476106644e-09, -1.0, 0.2900390625], [-9.182258509099483e-09, 1.0, -8.672941476106644e-09, 4.650792106986046e-08], [1.0, 9.182258509099483e-09, -5.551115123125783e-17, 0.23125000298023224], [0.0, 0.0, 0.0, 1.0]], [[3.7192471324942744e-15, -8.94651748239994e-08, -1.0, 0.2900390625], [-8.346978574991226e-08, 1.0, -8.94651748239994e-08, 2.786691766232252e-08], [1.0, 8.346978574991226e-08, -3.774758283725532e-15, 0.006274417042732239], [0.0, 0.0, 0.0, 1.0]], [[1.2386590242385864e-06, 0.00299835205078125, -1.0, 0.2900390625], [0.00093841552734375, 1.0, 0.00299835205078125, -0.1583251953125], [1.0, -0.00093841552734375, -1.5757977962493896e-06, 0.23125000298023224], [0.0, 0.0, 0.0, 1.0]], [[-5.551115123125783e-17, 6.930349627509713e-09, 1.0, 0.1500244140625], [-1.5963451005518436e-08, 1.0, -6.930349627509713e-09, 3.1403033062815666e-08], [-1.0, -1.5963451005518436e-08, 5.551115123125783e-17, 0.12504883110523224], [0.0, 0.0, 0.0, 1.0]], [[5.551115123125783e-17, -7.756170816719532e-09, -1.0, 0.2900390625], [-1.3686076272279024e-08, 1.0, -7.756170816719532e-09, 1.8641003407537937e-08], [1.0, 1.3686076272279024e-08, -5.551115123125783e-17, 0.11882324516773224], [0.0, 0.0, 0.0, 1.0]]]",5.2560422773240134e-05,0.0,1.8582915799925104e-05,"[3.9070870116120204e-05, 4.6072975237620994e-05, 4.005105438409373e-05, 5.459151361719705e-05, 8.301568595925346e-05]","[0.0, 0.0, 0.0, 0.0, 0.0]","[1.3813638361170888e-05, 1.628925747354515e-05, 1.4160185855871532e-05, 1.9301014617667533e-05, 2.9350478143896908e-05]"
85,0.01640821434557438,0.9837374687194824,"[[-1.5707963705062866, -0.03496600687503815, -0.028962677344679832], [1.5707963705062866, -0.08725671470165253, 0.120004802942276], [-1.5707963705062866, -0.35881468653678894, -0.2686784863471985], [1.5707963705062866, 0.07280632108449936, -0.15387243032455444], [-1.5707963705062866, -0.06362346559762955, -0.08187411725521088], [0.0, 0.15586991608142853, -0.12452776730060577], [-1.5707963705062866, 0.13537532091140747, -0.07543984055519104]]","[[-1.5707963705062866, -0.027522865682840347, -0.02279745228588581], [1.5707963705062866, -0.06868255883455276, 0.09445963054895401], [-1.5707963705062866, -0.2824345529079437, -0.21148544549942017], [1.5707963705062866, 0.05730818957090378, -0.12111791968345642], [-1.5707963705062866, -0.0500800684094429, -0.06444574147462845], [0.0, 0.12269020825624466, -0.0980198010802269], [-1.5707963705062866, 0.10655825585126877, -0.059381116181612015]]","[[-1.5707963705062866, -0.0, -0.0], [1.5707963705062866, -0.07122813165187836, 0.09796057641506195], [-1.5707963705062866, -0.292902410030365, -0.21932370960712433], [1.5707963705062866, 0.059432197362184525, -0.12560690939426422], [-1.5707963705062866, -0.051936183124780655, -0.06683428585529327], [0.0, 0.127237468957901, -0.10165270417928696], [-1.5707963705062866, 0.11050761491060257, -0.06158195436000824]]",,,,,,,,,,,
86,0.016360564157366753,0.9837841391563416,"[[-1.5707963705062866, -0.03495688736438751, -0.028961412608623505], [1.5707963705062866, -0.08719609677791595, 0.12005817890167236], [-1.5707963705062866, -0.3587796092033386, -0.2686501443386078], [1.5707963705062866, 0.07270260900259018, -0.15386363863945007], [-1.5707963705062866, -0.06353023648262024, -0.08186329156160355], [0.0, 0.15586160123348236, -0.12451520562171936], [-1.5707963705062866, 0.13536612689495087, -0.0754401683807373]]","[[-1.5707963705062866, -0.02751970663666725, -0.022799788042902946], [1.5707963705062866, -0.06864487379789352, 0.09451545029878616], [-1.5707963705062866, -0.2824482023715973, -0.21149404346942902], [1.5707963705062866, 0.05723491683602333, -0.12112870067358017], [-1.5707963705062866, -0.05001399293541908, -0.06444663554430008], [0.0, 0.12270159274339676, -0.09802423417568207], [-1.5707963705062866, 0.10656658560037613, -0.059390053153038025]]","[[-1.5707963705062866, -0.0, -0.0], [1.5707963705062866, -0.07118898630142212, 0.09801837056875229], [-1.5707963705062866, -0.29291626811027527, -0.21933241188526154], [1.5707963705062866, 0.05935614928603172, -0.12561796605587006], [-1.5707963705062866, -0.05186760425567627, -0.06683515012264252], [0.0, 0.12724915146827698, -0.1016571968793869], [-1.5707963705062866, 0.11051614582538605, -0.06159115955233574]]","[1, 9, 7, 6, 2]","[[[0.0, 0.0, -1.0, 0.28999999165534973], [-0.0, 1.0, 0.0, -0.15833400189876556], [1.0, 0.0, 0.0, 0.0062500000931322575], [0.0, 0.0, 0.0, 1.0]], [[0.0, 0.0, -1.0, 0.28999999165534973], [-0.0, 1.0, 0.0, 0.15833400189876556], [1.0, 0.0, 0.0, 0.23125000298023224], [0.0, 0.0, 0.0, 1.0]], [[0.0, 0.0, -1.0, 0.28999999165534973], [-0.0, 1.0, 0.0, 0.15833400189876556], [1.0, 0.0, 0.0, 0.0062500000931322575], [0.0, 0.0, 0.0, 1.0]], [[0.0, 0.0, -1.0, 0.28999999165534973], [-0.0, 1.0, 0.0, 0.0], [1.0, 0.0, 0.0, 0.23125000298023224], [0.0, 0.0, 0.0, 1.0]], [[0.0, 0.0, -1.0, 0.28999999165534973], [-0.0, 1.0, 0.0, -0.15833400189876556], [1.0, 0.0, 0.0, 0.11874999850988388], [0.0, 0.0, 0.0, 1.0]]]","[0, 0, 0, 0, 0]","[[2.087777614593506, 1.6748005151748657, -3.138434648513794, -1.4667925834655762, 1.4132118225097656, 2.2450342178344727], [0.6599297523498535, 2.3558614253997803, 7.960997550071625e-08, 0.7857312560081482, -0.9708777070045471, 0.06001117080450058], [1.1322503089904785, 2.3558614253997803, 2.0420955593181134e-07, 0.7857311964035034, -2.167619228363037, 1.729073166847229], [-2.2724342346191406, -0.20024511218070984, -3.773028538489598e-07, -2.941347599029541, 2.290137767791748, 0.14981664717197418], [2.174626350402832, 1.6755763292312622, -3.1384341716766357, -1.4660170078277588, 2.5243377685546875, 1.2207545042037964]]","[[[2.119690179824829e-06, -0.0027313232421875, -1.0, 0.2900390625], [-0.001552581787109375, 1.0, -0.0027313232421875, -0.1583251953125], [1.0, 0.001552581787109375, -2.119690179824829e-06, 0.006274417042732239], [0.0, 0.0, 0.0, 1.0]], [[2.220446049250313e-16, -2.112938091158867e-08, -1.0, 0.2900390625], [-1.9383151084184647e-08, 1.0, -2.112938091158867e-08, 0.1583251953125], [1.0, 1.9383151084184647e-08, -2.220446049250313e-16, 0.23125000298023224], [0.0, 0.0, 0.0, 1.0]], [[-9.992007221626409e-16, -2.7066562324762344e-08, -1.0, 0.2900390625], [7.473863661289215e-08, 1.0, -2.7066562324762344e-08, 0.1583251953125], [1.0, -7.473863661289215e-08, 9.992007221626409e-16, 0.006274417042732239], [0.0, 0.0, 0.0, 1.0]], [[0.0, -6.30825525149703e-09, -1.0, 0.2900390625], [1.0350049706175923e-09, 1.0, -6.30825525149703e-09, -1.1350493878126144e-08], [1.0, -1.0350049706175923e-09, 0.0, 0.23125000298023224], [0.0, 0.0, 0.0, 1.0]], [[2.305954694747925e-06, -0.00258636474609375, -1.0, 0.2900390625], [-0.0017833709716796875, 1.0, -0.00258636474609375, -0.1583251953125], [1.0, 0.0017833709716796875, -2.305954694747925e-06, 0.11882324516773224], [0.0, 0.0, 0.0, 1.0]]]",5.128351040184498e-05,0.0,1.8131459000869654e-05,"[4.690708374255337e-05, 4.005105438409373e-05, 4.690708374255337e-05, 3.9070844650268555e-05, 8.348149276571348e-05]","[0.0, 0.0, 0.0, 0.0, 0.0]","[1.6584157492616214e-05, 1.4160185855871532e-05, 1.6584157492616214e-05, 1.381362926622387e-05, 2.951516398752574e-05]"
87,0.015165281482040882,0.9849547743797302,"[[-1.5707963705062866, -0.034947965294122696, -0.028959957882761955], [1.5707963705062866, -0.08713249862194061, 0.12011156231164932], [-1.5707963705062866, -0.358744353055954, -0.2686215937137604], [1.5707963705062866, 0.07259908318519592, -0.15385468304157257], [-1.5707963705062866, -0.06343790888786316, -0.08185265213251114], [0.0, 0.15585315227508545, -0.12450284510850906], [-1.5707963705062866, 0.1353568136692047, -0.07544033974409103]]","[[-1.5707963705062866, -0.027516735717654228, -0.022801999002695084], [1.5707963705062866, -0.06860490888357162, 0.09457140415906906], [-1.5707963705062866, -0.2824620306491852, -0.21150270104408264], [1.5707963705062866, 0.057161834090948105, -0.12113948911428452], [-1.5707963705062866, -0.049948662519454956, -0.06444775313138962], [0.0, 0.12271300703287125, -0.09802893549203873], [-1.5707963705062866, 0.10657494515180588, -0.05939893424510956]]","[[-1.5707963705062866, -0.0, -0.0], [1.5707963705062866, -0.07243117690086365, 0.09984589368104935], [-1.5707963705062866, -0.2982156574726105, -0.22329874336719513], [1.5707963705062866, 0.06034989655017853, -0.12789574265480042], [-1.5707963705062866, -0.0, -0.06804216653108597], [0.0, 0.1295570284128189, -0.1034962609410286], [-1.5707963705062866, 0.11251889914274216, -0.06271176040172577]]",,,,,,,,,,,
88,0.01514133345335722,0.9849783182144165,"[[-1.5707963705062866, -0.03493940830230713, -0.02895849570631981], [1.5707963705062866, -0.08706454932689667, 0.12017087638378143], [-1.5707963705062866, -0.35870903730392456, -0.2685931324958801], [1.5707963705062866, 0.07250029593706131, -0.15384523570537567], [-1.5707963705062866, -0.06335369497537613, -0.0818420946598053], [0.0, 0.15584424138069153, -0.12449048459529877], [-1.5707963705062866, 0.13534720242023468, -0.07544003427028656]]","[[-1.5707963705062866, -0.027513863518834114, -0.022804051637649536], [1.5707963705062866, -0.06856103986501694, 0.09463139623403549], [-1.5707963705062866, -0.28247392177581787, -0.21151001751422882], [1.5707963705062866, 0.05709207430481911, -0.12114907056093216], [-1.5707963705062866, -0.04988936707377434, -0.06444849073886871], [0.0, 0.12272323668003082, -0.09803297370672226], [-1.5707963705062866, 0.10658235847949982, -0.05940704047679901]]","[[-1.5707963705062866, -0.0, -0.0], [1.5707963705062866, -0.07238201797008514, 0.09990529716014862], [-1.5707963705062866, -0.29821649193763733, -0.22329768538475037], [1.5707963705062866, 0.060273874551057816, -0.1279008388519287], [-1.5707963705062866, -0.0, -0.06804027408361435], [0.0, 0.12956272065639496, -0.10349645465612411], [-1.5707963705062866, 0.11252230405807495, -0.06271785497665405]]","[9, 6, 4, 8, 5]","[[[0.0, 0.0, -1.0, 0.28999999165534973], [-0.0, 1.0, 0.0, 0.15833400189876556], [1.0, 0.0, 0.0, 0.23125000298023224], [0.0, 0.0, 0.0, 1.0]], [[0.0, 0.0, -1.0, 0.28999999165534973], [-0.0, 1.0, 0.0, 0.0], [1.0, 0.0, 0.0, 0.23125000298023224], [0.0, 0.0, 0.0, 1.0]], [[0.0, 0.0, -1.0, 0.28999999165534973], [-0.0, 1.0, 0.0, 0.0], [1.0, 0.0, 0.0, 0.0062500000931322575], [0.0, 0.0, 0.0, 1.0]], [[0.0, 0.0, -1.0, 0.28999999165534973], [-0.0, 1.0, 0.0, 0.15833400189876556], [1.0, 0.0, 0.0, 0.11874999850988388], [0.0, 0.0, 0.0, 1.0]], [[0.0, 0.0, -1.0, 0.28999999165534973], [-0.0, 1.0, 0.0, 0.0], [1.0, 0.0, 0.0, 0.11874999850988388], [0.0, 0.0, 0.0, 1.0]]]","[0, 0, 0, 0, 0]","[[0.758469820022583, 2.3474364280700684, 1.2017360973004543e-07, 0.7941562533378601, -1.3152433633804321, 0.5029167532920837], [-0.35851913690567017, 1.8344142436981201, 3.610568910517031e-08, 1.3071783781051636, 1.4091408252716064, 2.9447290897369385], [-1.7835627794265747, -0.2001369446516037, 3.225832188036293e-07, -2.941455841064453, 1.59121835231781, 1.337607979774475], [0.1499815583229065, 2.3474364280700684, 4.3531798610274564e-08, 0.7941562533378601, 1.5711884498596191, -2.9920032024383545], [0.9408702254295349, 1.8344143629074097, 1.0726017762863194e-07, 1.3071783781051636, -2.288733720779419, 1.658807635307312]]","[[[4.440892098500626e-16, -2.7052010409533978e-08, -1.0, 0.2900390625], [-3.373133949935436e-08, 1.0, -2.7052010409533978e-08, 0.1583251953125], [1.0, 3.373133949935436e-08, -4.440892098500626e-16, 0.23125000298023224], [0.0, 0.0, 0.0, 1.0]], [[-1.1657341758564144e-15, 8.987262845039368e-08, -1.0, 0.2900390625], [-2.6702764444053173e-08, 1.0, 8.987262845039368e-08, -2.195884007960558e-08], [1.0, 2.6702764444053173e-08, 1.2212453270876722e-15, 0.23125000298023224], [0.0, 0.0, 0.0, 1.0]], [[4.440892098500626e-15, -1.3934914022684097e-07, -1.0, 0.2900390625], [-6.402842700481415e-08, 1.0, -1.3934914022684097e-07, 5.6606950238347054e-08], [1.0, 6.402842700481415e-08, -4.496403249731884e-15, 0.006274417042732239], [0.0, 0.0, 0.0, 1.0]], [[4.996003610813204e-16, -3.1868694350123405e-08, -1.0, 0.2900390625], [-3.1635863706469536e-08, 1.0, -3.1868694350123405e-08, 0.1583251953125], [1.0, 3.1635863706469536e-08, -5.551115123125783e-16, 0.11882324516773224], [0.0, 0.0, 0.0, 1.0]], [[5.551115123125783e-17, -5.8862497098743916e-09, -1.0, 0.2900390625], [-1.548323780298233e-08, 1.0, -5.8862497098743916e-09, 9.538780432194471e-09], [1.0, 1.548323780298233e-08, -5.551115123125783e-17, 0.11882324516773224], [0.0, 0.0, 0.0, 1.0]]]",5.8338420785730705e-05,0.0,2.0625744582503103e-05,"[4.005105438409373e-05, 3.907085192622617e-05, 4.6073000703472644e-05, 8.348149276571348e-05, 8.301568595925346e-05]","[0.0, 0.0, 0.0, 0.0, 0.0]","[1.4160185855871532e-05, 1.3813631994707976e-05, 1.6289264749502763e-05, 2.951516398752574e-05, 2.9350478143896908e-05]"
89,0.015122427605092525,0.9849967956542969,"[[-1.5707963705062866, -0.03493117541074753, -0.028957027941942215], [1.5707963705062866, -0.08699224144220352, 0.12023581564426422], [-1.5707963705062866, -0.35867366194725037, -0.26856470108032227], [1.5707963705062866, 0.07240583002567291, -0.15383534133434296], [-1.5707963705062866, -0.06327682733535767, -0.08183161169290543], [0.0, 0.15583491325378418, -0.12447811663150787], [-1.5707963705062866, 0.13533733785152435, -0.07543929666280746]]","[[-1.5707963705062866, -0.027511080726981163, -0.022805964574217796], [1.5707963705062866, -0.06851331144571304, 0.09469527751207352], [-1.5707963705062866, -0.2824840545654297, -0.21151608228683472], [1.5707963705062866, 0.057025354355573654, -0.12115757912397385], [-1.5707963705062866, -0.04983553662896156, -0.06444890797138214], [0.0, 0.12273240089416504, -0.09803642332553864], [-1.5707963705062866, 0.1065889298915863, -0.05941445007920265]]","[[-1.5707963705062866, -0.0, -0.0], [1.5707963705062866, -0.07232903689146042, 0.09996916353702545], [-1.5707963705062866, -0.29821649193763733, -0.22329609096050262], [1.5707963705062866, 0.06020127981901169, -0.1279052346944809], [-1.5707963705062866, -0.0, -0.06803827732801437], [0.0, 0.12956775724887848, -0.10349638760089874], [-1.5707963705062866, 0.11252520978450775, -0.06272343546152115]]",,,,,,,,,,,
90,0.01510627567768097,0.9850126504898071,"[[-1.5707963705062866, -0.03492322936654091, -0.028955554589629173], [1.5707963705062866, -0.08691602945327759, 0.1203058660030365], [-1.5707963705062866, -0.358638197183609, -0.2685362994670868], [1.5707963705062866, 0.0723152756690979, -0.153825044631958], [-1.5707963705062866, -0.06320661306381226, -0.08182119578123093], [0.0, 0.1558251976966858, -0.12446574866771698], [-1.5707963705062866, 0.13532723486423492, -0.07543817162513733]]","[[-1.5707963705062866, -0.027508379891514778, -0.022807752713561058], [1.5707963705062866, -0.06846214085817337, 0.09476269781589508], [-1.5707963705062866, -0.28249263763427734, -0.21152105927467346], [1.5707963705062866, 0.05696139857172966, -0.12116513401269913], [-1.5707963705062866, -0.04978667572140694, -0.06444903463125229], [0.0, 0.12274061888456345, -0.09803935885429382], [-1.5707963705062866, 0.1065947487950325, -0.059421248733997345]]","[[-1.5707963705062866, -0.0, -0.0], [1.5707963705062866, -0.07227266579866409, 0.10003707557916641], [-1.5707963705062866, -0.2982158362865448, -0.22329406440258026], [1.5707963705062866, 0.060131803154945374, -0.12790903449058533], [-1.5707963705062866, -0.0, -0.06803619116544724], [0.0, 0.12957221269607544, -0.10349611192941666], [-1.5707963705062866, 0.11252768337726593, -0.06272856146097183]]","[3, 9, 1, 4, 6]","[[[0.0, 0.0, -1.0, 0.28999999165534973], [-0.0, 1.0, 0.0, -0.15833400189876556], [1.0, 0.0, 0.0, 0.23125000298023224], [0.0, 0.0, 0.0, 1.0]], [[0.0, 0.0, -1.0, 0.28999999165534973], [-0.0, 1.0, 0.0, 0.15833400189876556], [1.0, 0.0, 0.0, 0.23125000298023224], [0.0, 0.0, 0.0, 1.0]], [[0.0, 0.0, -1.0, 0.28999999165534973], [-0.0, 1.0, 0.0, -0.15833400189876556], [1.0, 0.0, 0.0, 0.0062500000931322575], [0.0, 0.0, 0.0, 1.0]], [[0.0, 0.0, -1.0, 0.28999999165534973], [-0.0, 1.0, 0.0, 0.0], [1.0, 0.0, 0.0, 0.0062500000931322575], [0.0, 0.0, 0.0, 1.0]], [[0.0, 0.0, -1.0, 0.28999999165534973], [-0.0, 1.0, 0.0, 0.0], [1.0, 0.0, 0.0, 0.23125000298023224], [0.0, 0.0, 0.0, 1.0]]]","[0, 0, 0, 0, 0]","[[1.6518973112106323, 1.6899306774139404, 3.1384284496307373, -1.4516619443893433, 3.1044936180114746, 0.11857613921165466], [0.75882887840271, 2.3477671146392822, 1.1146035205911176e-07, 0.793825626373291, -1.3132737874984741, 0.5013061761856079], [-3.1284241676330566, 0.3386164605617523, 3.1359331607818604, -2.8029794692993164, 0.6146464943885803, -2.177612543106079], [-1.783855676651001, -0.2000388652086258, 3.326604200992733e-07, -2.941553831100464, 1.5909276008605957, 1.3376059532165527], [-0.35778114199638367, 1.8349252939224243, 2.9250259103719145e-08, 1.3066673278808594, 1.4081568717956543, 2.94645094871521]]","[[[2.3096799850463867e-07, 0.003131866455078125, -1.0, 0.2900390625], [0.0002551078796386719, 1.0, 0.003131866455078125, -0.1583251953125], [1.0, -0.0002551078796386719, -5.681067705154419e-07, 0.23125000298023224], [0.0, 0.0, 0.0, 1.0]], [[1.887379141862766e-15, -5.148467607796192e-08, -1.0, 0.2900390625], [-7.28759914636612e-08, 1.0, -5.148467607796192e-08, 0.1583251953125], [1.0, 7.28759914636612e-08, -1.8318679906315083e-15, 0.23125000298023224], [0.0, 0.0, 0.0, 1.0]], [[6.885966286063194e-08, -1.6421079635620117e-05, -1.0, 0.2900390625], [0.0018796920776367188, 1.0, -1.6421079635620117e-05, -0.1583251953125], [1.0, -0.0018796920776367188, 9.970972314476967e-08, 0.006274417042732239], [0.0, 0.0, 0.0, 1.0]], [[8.42846930027008e-08, -1.2130476534366608e-07, -1.0, 0.2900390625], [3.175227902829647e-08, 1.0, -1.2130476534366608e-07, 6.624031811952591e-08], [1.0, -3.175227902829647e-08, 8.42846930027008e-08, 0.006274417042732239], [0.0, 0.0, 0.0, 1.0]], [[-2.0539125955565396e-15, 1.0075746104121208e-07, -1.0, 0.2900390625], [-4.21423465013504e-08, 1.0, 1.0075746104121208e-07, -7.3196133598685265e-09], [1.0, 4.21423465013504e-08, 2.1094237467877974e-15, 0.23125000298023224], [0.0, 0.0, 0.0, 1.0]]]",4.2430612666066736e-05,0.0,1.5001484825916123e-05,"[4.005105438409373e-05, 4.005105438409373e-05, 4.690708374255337e-05, 4.607301525538787e-05, 3.9070844650268555e-05]","[0.0, 0.0, 0.0, 0.0, 0.0]","[1.4160185855871532e-05, 1.4160185855871532e-05, 1.6584157492616214e-05, 1.6289270206470974e-05, 1.381362926622387e-05]"
91,0.015081680379807949,0.9850369691848755,"[[-1.5707963705062866, -0.034915562719106674, -0.028954073786735535], [1.5707963705062866, -0.08683663606643677, 0.12038079649209976], [-1.5707963705062866, -0.35860270261764526, -0.2685079276561737], [1.5707963705062866, 0.07222840189933777, -0.1538143903017044], [-1.5707963705062866, -0.06314242631196976, -0.0818108469247818], [0.0, 0.15581513941287994, -0.12445338815450668], [-1.5707963705062866, 0.1353169083595276, -0.07543667405843735]]","[[-1.5707963705062866, -0.027505747973918915, -0.022809410467743874], [1.5707963705062866, -0.06840807944536209, 0.09483346343040466], [-1.5707963705062866, -0.28249967098236084, -0.21152490377426147], [1.5707963705062866, 0.0569000169634819, -0.1211717501282692], [-1.5707963705062866, -0.04974227771162987, -0.06444887071847916], [0.0, 0.12274789810180664, -0.09804176539182663], [-1.5707963705062866, 0.106599822640419, -0.05942742899060249]]","[[-1.5707963705062866, -0.0, -0.0], [1.5707963705062866, -0.07221345603466034, 0.10010881721973419], [-1.5707963705062866, -0.2982144355773926, -0.2232915312051773], [1.5707963705062866, 0.06006522849202156, -0.127912238240242], [-1.5707963705062866, -0.0, -0.06803400814533234], [0.0, 0.12957607209682465, -0.10349559038877487], [-1.5707963705062866, 0.11252971738576889, -0.0627332329750061]]",,,,,,,,,,,
92,0.0150402607396245,0.9850776791572571,"[[-1.5707963705062866, -0.034908194094896317, -0.0289525855332613], [1.5707963705062866, -0.08675448596477509, 0.12046006321907043], [-1.5707963705062866, -0.35856717824935913, -0.2684795558452606], [1.5707963705062866, 0.07214514911174774, -0.15380340814590454], [-1.5707963705062866, -0.06308368593454361, -0.08180055767297745], [0.0, 0.15580478310585022, -0.12444103509187698], [-1.5707963705062866, 0.13530638813972473, -0.07543481886386871]]","[[-1.5707963705062866, -0.02750321663916111, -0.022810954600572586], [1.5707963705062866, -0.06835149973630905, 0.09490720927715302], [-1.5707963705062866, -0.2825053334236145, -0.2115277498960495], [1.5707963705062866, 0.056841202080249786, -0.12117752432823181], [-1.5707963705062866, -0.04970192164182663, -0.06444843858480453], [0.0, 0.12275435775518417, -0.09804370999336243], [-1.5707963705062866, 0.10660422593355179, -0.059433043003082275]]","[[-1.5707963705062866, -0.0, -0.0], [1.5707963705062866, -0.072151780128479, 0.10018395632505417], [-1.5707963705062866, -0.29821234941482544, -0.22328849136829376], [1.5707963705062866, 0.060001518577337265, -0.12791487574577332], [-1.5707963705062866, -0.0, -0.06803170591592789], [0.0, 0.12957938015460968, -0.10349484533071518], [-1.5707963705062866, 0.11253131926059723, -0.06273746490478516]]","[8, 1, 5, 7, 9]","[[[0.0, 0.0, -1.0, 0.28999999165534973], [-0.0, 1.0, 0.0, 0.15833400189876556], [1.0, 0.0, 0.0, 0.11874999850988388], [0.0, 0.0, 0.0, 1.0]], [[0.0, 0.0, -1.0, 0.28999999165534973], [-0.0, 1.0, 0.0, -0.15833400189876556], [1.0, 0.0, 0.0, 0.0062500000931322575], [0.0, 0.0, 0.0, 1.0]], [[0.0, 0.0, -1.0, 0.28999999165534973], [-0.0, 1.0, 0.0, 0.0], [1.0, 0.0, 0.0, 0.11874999850988388], [0.0, 0.0, 0.0, 1.0]], [[0.0, 0.0, -1.0, 0.28999999165534973], [-0.0, 1.0, 0.0, 0.15833400189876556], [1.0, 0.0, 0.0, 0.0062500000931322575], [0.0, 0.0, 0.0, 1.0]], [[0.0, 0.0, -1.0, 0.28999999165534973], [-0.0, 1.0, 0.0, 0.15833400189876556], [1.0, 0.0, 0.0, 0.23125000298023224], [0.0, 0.0, 0.0, 1.0]]]","[0, 0, 0, 0, 0]","[[0.15100596845149994, 2.348073720932007, 8.983531074591156e-08, 0.7935189604759216, 1.5690516233444214, -2.988842010498047], [-3.1292929649353027, 0.33878231048583984, 3.1359336376190186, -2.802813768386841, 0.6150920987129211, -2.1789262294769287], [0.19953034818172455, 1.8353917598724365, 4.096155237220955e-08, 1.3062009811401367, 2.013622283935547, 2.898297071456909], [-1.809496283531189, -0.7126309275627136, -7.06848197751242e-08, -2.428961753845215, 1.9427216053009033, 0.9601708650588989], [0.7592369914054871, 2.348073720932007, 1.1602268301658114e-07, 0.7935190200805664, -1.311264157295227, 0.4997047185897827]]","[[[1.1102230246251565e-16, 7.479684427380562e-09, -1.0, 0.2900390625], [2.1740561351180077e-08, 1.0, 7.479684427380562e-09, 0.1583251953125], [1.0, -2.1740561351180077e-08, -1.1102230246251565e-16, 0.11882324516773224], [0.0, 0.0, 0.0, 1.0]], [[-1.3758835848420858e-08, -1.4632940292358398e-05, -1.0, 0.2900390625], [0.001880645751953125, 1.0, -1.4632940292358398e-05, -0.1583251953125], [1.0, -0.001880645751953125, 1.3758835848420858e-08, 0.006274417042732239], [0.0, 0.0, 0.0, 1.0]], [[0.0, -3.2996467780321836e-09, -1.0, 0.2900390625], [-3.4888216760009527e-09, 1.0, -3.2996467780321836e-09, -5.704350769519806e-09], [1.0, 3.4888216760009527e-09, 0.0, 0.11882324516773224], [0.0, 0.0, 0.0, 1.0]], [[8.42846930027008e-08, 2.0998413674533367e-08, -1.0, 0.2900390625], [6.07105903327465e-08, 1.0, 2.0998413674533367e-08, 0.1583251953125], [1.0, -6.07105903327465e-08, 8.42846930027008e-08, 0.006274417042732239], [0.0, 0.0, 0.0, 1.0]], [[2.7755575615628914e-16, -2.3923348635435104e-08, -1.0, 0.2900390625], [-2.1667801775038242e-08, 1.0, -2.3923348635435104e-08, 0.1583251953125], [1.0, 2.1667801775038242e-08, -2.220446049250313e-16, 0.23125000298023224], [0.0, 0.0, 0.0, 1.0]]]",6.00724779360462e-05,0.0,2.1238829504000023e-05,"[8.348149276571348e-05, 4.690708374255337e-05, 8.301568595925346e-05, 4.690708374255337e-05, 4.005105438409373e-05]","[0.0, 0.0, 0.0, 0.0, 0.0]","[2.951516398752574e-05, 1.6584157492616214e-05, 2.9350478143896908e-05, 1.6584157492616214e-05, 1.4160185855871532e-05]"
93,0.015008578076958656,0.9851088523864746,"[[-1.5707963705062866, -0.03490108251571655, -0.028951086103916168], [1.5707963705062866, -0.08667044341564178, 0.1205432340502739], [-1.5707963705062866, -0.3585315942764282, -0.26845118403434753], [1.5707963705062866, 0.07206548750400543, -0.1537921279668808], [-1.5707963705062866, -0.06302988529205322, -0.08179032802581787], [0.0, 0.155794158577919, -0.12442869693040848], [-1.5707963705062866, 0.13529565930366516, -0.07543262094259262]]","[[-1.5707963705062866, -0.027500752359628677, -0.0228123776614666], [1.5707963705062866, -0.06829307973384857, 0.09498357772827148], [-1.5707963705062866, -0.28250953555107117, -0.21152953803539276], [1.5707963705062866, 0.056784920394420624, -0.12118246406316757], [-1.5707963705062866, -0.04966520145535469, -0.06444773077964783], [0.0, 0.12275999039411545, -0.09804517775774002], [-1.5707963705062866, 0.10660793632268906, -0.05943809449672699]]","[[-1.5707963705062866, -0.0, -0.0], [1.5707963705062866, -0.0720883458852768, 0.1002621278166771], [-1.5707963705062866, -0.2982095181941986, -0.22328492999076843], [1.5707963705062866, 0.0599406436085701, -0.12791696190834045], [-1.5707963705062866, -0.0, -0.06802929937839508], [0.0, 0.12958216667175293, -0.10349386930465698], [-1.5707963705062866, 0.11253248900175095, -0.06274126470088959]]",,,,,,,,,,,
94,0.015012349002063274,0.9851051568984985,"[[-1.5707963705062866, -0.03489421680569649, -0.028949573636054993], [1.5707963705062866, -0.08658472448587418, 0.12062998861074448], [-1.5707963705062866, -0.35849595069885254, -0.26842281222343445], [1.5707963705062866, 0.07198922336101532, -0.15378057956695557], [-1.5707963705062866, -0.06298056244850159, -0.08178015798330307], [0.0, 0.1557832807302475, -0.12441636621952057], [-1.5707963705062866, 0.13528475165367126, -0.07543010264635086]]","[[-1.5707963705062866, -0.027498358860611916, -0.022813688963651657], [1.5707963705062866, -0.06823302060365677, 0.09506236761808395], [-1.5707963705062866, -0.28251245617866516, -0.2115303874015808], [1.5707963705062866, 0.056731048971414566, -0.12118666619062424], [-1.5707963705062866, -0.04963178187608719, -0.06444678455591202], [0.0, 0.12276489287614822, -0.09804622083902359], [-1.5707963705062866, 0.10661104321479797, -0.059442631900310516]]","[[-1.5707963705062866, -0.0, -0.0], [1.5707963705062866, -0.07202333211898804, 0.10034304112195969], [-1.5707963705062866, -0.2982058823108673, -0.22328080236911774], [1.5707963705062866, 0.05988243222236633, -0.1279185265302658], [-1.5707963705062866, -0.0, -0.06802677363157272], [0.0, 0.1295844316482544, -0.10349264740943909], [-1.5707963705062866, 0.11253324151039124, -0.06274464726448059]]","[8, 2, 1, 6, 5]","[[[0.0, 0.0, -1.0, 0.28999999165534973], [-0.0, 1.0, 0.0, 0.15833400189876556], [1.0, 0.0, 0.0, 0.11874999850988388], [0.0, 0.0, 0.0, 1.0]], [[0.0, 0.0, -1.0, 0.28999999165534973], [-0.0, 1.0, 0.0, -0.15833400189876556], [1.0, 0.0, 0.0, 0.11874999850988388], [0.0, 0.0, 0.0, 1.0]], [[0.0, 0.0, -1.0, 0.28999999165534973], [-0.0, 1.0, 0.0, -0.15833400189876556], [1.0, 0.0, 0.0, 0.0062500000931322575], [0.0, 0.0, 0.0, 1.0]], [[0.0, 0.0, -1.0, 0.28999999165534973], [-0.0, 1.0, 0.0, 0.0], [1.0, 0.0, 0.0, 0.23125000298023224], [0.0, 0.0, 0.0, 1.0]], [[0.0, 0.0, -1.0, 0.28999999165534973], [-0.0, 1.0, 0.0, 0.0], [1.0, 0.0, 0.0, 0.11874999850988388], [0.0, 0.0, 0.0, 1.0]]]","[0, 0, 0, 0, 0]","[[0.15161088109016418, 2.348358154296875, 1.26714212456136e-07, 0.7932344675064087, 1.568144679069519, -2.987330198287964], [2.0192840099334717, 1.684447169303894, -3.1384313106536865, -1.4571459293365479, 2.6520063877105713, 0.9377151727676392], [-3.1301698684692383, 0.33893999457359314, 3.1359341144561768, -2.8026559352874756, 0.61545330286026, -2.1801633834838867], [-0.35606396198272705, 1.8358160257339478, 4.299963052289968e-08, 1.305776596069336, 1.4065940380096436, 2.94973087310791], [0.19976045191287994, 1.8358159065246582, 3.518049140893709e-08, 1.305776834487915, 2.011925220489502, 2.900224208831787]]","[[[8.326672684688674e-16, 3.573950380086899e-08, -1.0, 0.2900390625], [4.6566128730773926e-08, 1.0, 3.573950380086899e-08, 0.1583251953125], [1.0, -4.6566128730773926e-08, -8.326672684688674e-16, 0.11882324516773224], [0.0, 0.0, 0.0, 1.0]], [[1.9278377294540405e-06, -0.00283050537109375, -1.0, 0.2900390625], [-0.001361846923828125, 1.0, -0.00283050537109375, -0.1583251953125], [1.0, 0.001361846923828125, -1.9278377294540405e-06, 0.11882324516773224], [0.0, 0.0, 0.0, 1.0]], [[-9.66247171163559e-08, -1.3127923011779785e-05, -1.0, 0.2900390625], [0.0018815994262695312, 1.0, -1.3127923011779785e-05, -0.1583251953125], [1.0, -0.0018815994262695312, -7.194466888904572e-08, 0.006274417042732239], [0.0, 0.0, 0.0, 1.0]], [[-8.881784197001252e-16, 1.0116491466760635e-07, -1.0, 0.2900390625], [-1.8102582544088364e-08, 1.0, 1.0116491466760635e-07, 1.57160684466362e-08], [1.0, 1.8102582544088364e-08, 8.881784197001252e-16, 0.23125000298023224], [0.0, 0.0, 0.0, 1.0]], [[3.885780586188048e-16, -2.2104359231889248e-08, -1.0, 0.2900390625], [-3.405148163437843e-08, 1.0, -2.2104359231889248e-08, 1.6962076188065112e-09], [1.0, 3.405148163437843e-08, -4.440892098500626e-16, 0.11882324516773224], [0.0, 0.0, 0.0, 1.0]]]",6.719132215948775e-05,0.0,2.3755717847961932e-05,"[8.348149276571348e-05, 8.348149276571348e-05, 4.690708374255337e-05, 3.907084828824736e-05, 8.301568595925346e-05]","[0.0, 0.0, 0.0, 0.0, 0.0]","[2.951516398752574e-05, 2.951516398752574e-05, 1.6584157492616214e-05, 1.3813631085213274e-05, 2.9350478143896908e-05]"
95,0.01498232502490282,0.9851347208023071,"[[-1.5707963705062866, -0.03488757088780403, -0.02894805371761322], [1.5707963705062866, -0.08649718016386032, 0.12072021514177322], [-1.5707963705062866, -0.35846027731895447, -0.26839444041252136], [1.5707963705062866, 0.07191605120897293, -0.15376879274845123], [-1.5707963705062866, -0.06293529272079468, -0.08177004009485245], [0.0, 0.15577217936515808, -0.12440404295921326], [-1.5707963705062866, 0.13527366518974304, -0.07542730122804642]]","[[-1.5707963705062866, -0.027496028691530228, -0.022814901545643806], [1.5707963705062866, -0.06817124038934708, 0.09514352679252625], [-1.5707963705062866, -0.28251418471336365, -0.21153037250041962], [1.5707963705062866, 0.0566793754696846, -0.12119018286466599], [-1.5707963705062866, -0.04960134997963905, -0.0644456222653389], [0.0, 0.12276911735534668, -0.09804686903953552], [-1.5707963705062866, 0.10661356896162033, -0.059446707367897034]]","[[-1.5707963705062866, -0.0, -0.0], [1.5707963705062866, -0.07195665687322617, 0.10042665898799896], [-1.5707963705062866, -0.29820165038108826, -0.22327624261379242], [1.5707963705062866, 0.05982666835188866, -0.12791962921619415], [-1.5707963705062866, -0.0, -0.0680241584777832], [0.0, 0.12958624958992004, -0.10349121689796448], [-1.5707963705062866, 0.11253361403942108, -0.06274766474962234]]",,,,,,,,,,,
96,0.014955773949623108,0.985160768032074,"[[-1.5707963705062866, -0.03488113358616829, -0.0289465244859457], [1.5707963705062866, -0.08640799671411514, 0.12081338465213776], [-1.5707963705062866, -0.3584245443344116, -0.2683660387992859], [1.5707963705062866, 0.07184583693742752, -0.153756782412529], [-1.5707963705062866, -0.06289368122816086, -0.0817599669098854], [0.0, 0.15576088428497314, -0.12439172714948654], [-1.5707963705062866, 0.13526244461536407, -0.07542423903942108]]","[[-1.5707963705062866, -0.027493759989738464, -0.022816024720668793], [1.5707963705062866, -0.06810789555311203, 0.09522666782140732], [-1.5707963705062866, -0.28251487016677856, -0.21152958273887634], [1.5707963705062866, 0.05662981793284416, -0.12119308114051819], [-1.5707963705062866, -0.049573611468076706, -0.06444425880908966], [0.0, 0.12277273833751678, -0.0980471670627594], [-1.5707963705062866, 0.10661560297012329, -0.059450358152389526]]","[[-1.5707963705062866, -0.0, -0.0], [1.5707963705062866, -0.07188845425844193, 0.1005125492811203], [-1.5707963705062866, -0.29819682240486145, -0.22327125072479248], [1.5707963705062866, 0.05977324768900871, -0.12792031466960907], [-1.5707963705062866, -0.0, -0.06802145391702652], [0.0, 0.12958765029907227, -0.10348960757255554], [-1.5707963705062866, 0.11253366619348526, -0.06275035440921783]]","[4, 7, 6, 2, 8]","[[[0.0, 0.0, -1.0, 0.28999999165534973], [-0.0, 1.0, 0.0, 0.0], [1.0, 0.0, 0.0, 0.0062500000931322575], [0.0, 0.0, 0.0, 1.0]], [[0.0, 0.0, -1.0, 0.28999999165534973], [-0.0, 1.0, 0.0, 0.15833400189876556], [1.0, 0.0, 0.0, 0.0062500000931322575], [0.0, 0.0, 0.0, 1.0]], [[0.0, 0.0, -1.0, 0.28999999165534973], [-0.0, 1.0, 0.0, 0.0], [1.0, 0.0, 0.0, 0.23125000298023224], [0.0, 0.0, 0.0, 1.0]], [[0.0, 0.0, -1.0, 0.28999999165534973], [-0.0, 1.0, 0.0, -0.15833400189876556], [1.0, 0.0, 0.0, 0.11874999850988388], [0.0, 0.0, 0.0, 1.0]], [[0.0, 0.0, -1.0, 0.28999999165534973], [-0.0, 1.0, 0.0, 0.15833400189876556], [1.0, 0.0, 0.0, 0.11874999850988388], [0.0, 0.0, 0.0, 1.0]]]","[0, 0, 0, 0, 0]","[[-1.7850663661956787, -0.19979219138622284, 3.2433126762043685e-07, -2.941800594329834, 1.5886883735656738, 1.3386344909667969], [-1.8101201057434082, -0.712212324142456, -6.46566604700638e-08, -2.429380416870117, 1.940950632095337, 0.9613180756568909], [-0.35511407256126404, 1.8362027406692505, 2.5897321620504954e-08, 1.3053900003433228, 1.4060022830963135, 2.951272487640381], [2.019659996032715, 1.6840357780456543, -3.1384313106536865, -1.4575573205947876, 2.653303861618042, 0.9367952942848206], [0.15226510167121887, 2.3486227989196777, 7.805897439538967e-08, 0.7929698824882507, 1.5673381090164185, -2.9858694076538086]]","[[[3.941291737419306e-15, -1.3899989426136017e-07, -1.0, 0.2900390625], [-5.681067705154419e-08, 1.0, -1.3899989426136017e-07, 5.77711034566164e-08], [1.0, 5.681067705154419e-08, -3.885780586188048e-15, 0.006274417042732239], [0.0, 0.0, 0.0, 1.0]], [[1.6653345369377348e-16, -1.9819708541035652e-08, -1.0, 0.2900390625], [-1.932494342327118e-08, 1.0, -1.9819708541035652e-08, 0.1583251953125], [1.0, 1.932494342327118e-08, -2.220446049250313e-16, 0.006274417042732239], [0.0, 0.0, 0.0, 1.0]], [[8.42846930027008e-08, -4.1211023926734924e-08, -1.0, 0.2900390625], [7.068592822179198e-09, 1.0, -4.1211023926734924e-08, 3.6263372749090195e-08], [1.0, -7.068592822179198e-09, 8.42846930027008e-08, 0.23125000298023224], [0.0, 0.0, 0.0, 1.0]], [[1.7601996660232544e-06, -0.00283050537109375, -1.0, 0.2900390625], [-0.0013628005981445312, 1.0, -0.00283050537109375, -0.1583251953125], [1.0, 0.0013628005981445312, -2.0973384380340576e-06, 0.11882324516773224], [0.0, 0.0, 0.0, 1.0]], [[-1.1102230246251565e-16, 1.9630533643066883e-08, -1.0, 0.2900390625], [-1.0797521099448204e-08, 1.0, 1.9630533643066883e-08, 0.1583251953125], [1.0, 1.0797521099448204e-08, 1.1102230246251565e-16, 0.11882324516773224], [0.0, 0.0, 0.0, 1.0]]]",5.980278365314007e-05,0.0,2.1143479898455553e-05,"[4.607300434145145e-05, 4.690708374255337e-05, 3.907086284016259e-05, 8.348149276571348e-05, 8.348149276571348e-05]","[0.0, 0.0, 0.0, 0.0, 0.0]","[1.6289266568492167e-05, 1.6584157492616214e-05, 1.3813636542181484e-05, 2.951516398752574e-05, 2.951516398752574e-05]"
97,0.014949438162147999,0.9851669669151306,"[[-1.5707963705062866, -0.034874897450208664, -0.028944991528987885], [1.5707963705062866, -0.08631698787212372, 0.1209087073802948], [-1.5707963705062866, -0.3583887815475464, -0.2683376371860504], [1.5707963705062866, 0.0717783197760582, -0.15374456346035004], [-1.5707963705062866, -0.06285539269447327, -0.08174993097782135], [0.0, 0.15574941039085388, -0.12437942624092102], [-1.5707963705062866, 0.13525113463401794, -0.07542095333337784]]","[[-1.5707963705062866, -0.027491573244333267, -0.022817080840468407], [1.5707963705062866, -0.06804291903972626, 0.09531126171350479], [-1.5707963705062866, -0.28251469135284424, -0.21152818202972412], [1.5707963705062866, 0.05658221244812012, -0.1211954727768898], [-1.5707963705062866, -0.049548350274562836, -0.06444274634122849], [0.0, 0.12277588248252869, -0.09804719686508179], [-1.5707963705062866, 0.106617271900177, -0.05945366993546486]]","[[-1.5707963705062866, -0.0, -0.0], [1.5707963705062866, -0.07181864976882935, 0.10060012340545654], [-1.5707963705062866, -0.29819154739379883, -0.22326596081256866], [1.5707963705062866, 0.05972198024392128, -0.12792065739631653], [-1.5707963705062866, -0.0, -0.06801869720220566], [0.0, 0.1295887678861618, -0.10348787158727646], [-1.5707963705062866, 0.11253350228071213, -0.06275277584791183]]",,,,,,,,,,,
98,0.014920994639396667,0.985194981098175,"[[-1.5707963705062866, -0.03486883267760277, -0.028943458572030067], [1.5707963705062866, -0.08622428774833679, 0.12100626528263092], [-1.5707963705062866, -0.35835298895835876, -0.26830923557281494], [1.5707963705062866, 0.07171329855918884, -0.15373216569423676], [-1.5707963705062866, -0.06282011419534683, -0.08173993974924088], [0.0, 0.1557377725839615, -0.1243671327829361], [-1.5707963705062866, 0.13523973524570465, -0.07541745901107788]]","[[-1.5707963705062866, -0.02748943865299225, -0.02281806990504265], [1.5707963705062866, -0.06797639280557632, 0.09539735317230225], [-1.5707963705062866, -0.28251370787620544, -0.21152617037296295], [1.5707963705062866, 0.05653640255331993, -0.12119738012552261], [-1.5707963705062866, -0.04952530935406685, -0.06444107741117477], [0.0, 0.12277853488922119, -0.09804695099592209], [-1.5707963705062866, 0.10661855340003967, -0.05945664271712303]]","[[-1.5707963705062866, -0.0, -0.0], [1.5707963705062866, -0.0717473179101944, 0.10068943351507187], [-1.5707963705062866, -0.29818588495254517, -0.22326038777828217], [1.5707963705062866, 0.059672705829143524, -0.12792068719863892], [-1.5707963705062866, -0.0, -0.06801588833332062], [0.0, 0.12958955764770508, -0.10348600894212723], [-1.5707963705062866, 0.11253311485052109, -0.06275494396686554]]","[3, 0, 8, 9, 6]","[[[0.0, 0.0, -1.0, 0.28999999165534973], [-0.0, 1.0, 0.0, -0.15833400189876556], [1.0, 0.0, 0.0, 0.23125000298023224], [0.0, 0.0, 0.0, 1.0]], [[0.0, -0.0, 1.0, 0.15000000596046448], [0.0, 1.0, 0.0, 0.0], [-1.0, 0.0, 0.0, 0.125], [0.0, 0.0, 0.0, 1.0]], [[0.0, 0.0, -1.0, 0.28999999165534973], [-0.0, 1.0, 0.0, 0.15833400189876556], [1.0, 0.0, 0.0, 0.11874999850988388], [0.0, 0.0, 0.0, 1.0]], [[0.0, 0.0, -1.0, 0.28999999165534973], [-0.0, 1.0, 0.0, 0.15833400189876556], [1.0, 0.0, 0.0, 0.23125000298023224], [0.0, 0.0, 0.0, 1.0]], [[0.0, 0.0, -1.0, 0.28999999165534973], [-0.0, 1.0, 0.0, 0.0], [1.0, 0.0, 0.0, 0.23125000298023224], [0.0, 0.0, 0.0, 1.0]]]","[0, 0, 0, 0, 0]","[[1.6526671648025513, 1.6882128715515137, 3.1384291648864746, -1.45337975025177, 3.109459400177002, 0.11437460780143738], [-0.9258867502212524, 1.8365569114685059, 1.0676929207420471e-07, 1.3050357103347778, 1.1882144212722778, -0.5433048009872437], [1.0456483364105225, 2.348869800567627, 8.880238056008238e-08, 0.7927228212356567, -1.779628038406372, 1.254480004310608], [0.7606834769248962, 2.348869800567627, 8.722916078340859e-08, 0.7927228212356567, -1.3052136898040771, 0.49510079622268677], [-0.3541227877140045, 1.8365569114685059, 4.062317771058588e-08, 1.3050357103347778, 1.4054946899414062, 2.9527714252471924]]","[[[4.032626748085022e-07, 0.003131866455078125, -1.0, 0.2900390625], [0.0002574920654296875, 1.0, 0.003131866455078125, -0.1583251953125], [1.0, -0.0002574920654296875, -4.032626748085022e-07, 0.23125000298023224], [0.0, 0.0, 0.0, 1.0]], [[1.6653345369377348e-16, 1.8277205526828766e-08, 1.0, 0.1500244140625], [2.0168954506516457e-08, 1.0, -1.8277205526828766e-08, 2.805609256029129e-08], [-1.0, 2.0168954506516457e-08, -2.220446049250313e-16, 0.12504883110523224], [0.0, 0.0, 0.0, 1.0]], [[1.5543122344752192e-15, 7.57281668484211e-08, -1.0, 0.2900390625], [4.0978193283081055e-08, 1.0, 7.57281668484211e-08, 0.1583251953125], [1.0, -4.0978193283081055e-08, -1.5543122344752192e-15, 0.11882324516773224], [0.0, 0.0, 0.0, 1.0]], [[-5.551115123125783e-17, 5.3172698244452477e-08, -1.0, 0.2900390625], [-3.1359377317130566e-09, 1.0, 5.3172698244452477e-08, 0.1583251953125], [1.0, 3.1359377317130566e-09, 5.551115123125783e-17, 0.23125000298023224], [0.0, 0.0, 0.0, 1.0]], [[-1.7208456881689926e-15, 1.2060627341270447e-07, -1.0, 0.2900390625], [-2.8157955966889858e-08, 1.0, 1.2060627341270447e-07, -8.703864295966923e-10], [1.0, 2.8157955966889858e-08, 1.7208456881689926e-15, 0.23125000298023224], [0.0, 0.0, 0.0, 1.0]]]",5.1449194870656356e-05,0.0,1.8190037735621445e-05,"[4.005105438409373e-05, 5.459151361719705e-05, 8.348149276571348e-05, 4.005105438409373e-05, 3.9070844650268555e-05]","[0.0, 0.0, 0.0, 0.0, 0.0]","[1.4160185855871532e-05, 1.9301014617667533e-05, 2.951516398752574e-05, 1.4160185855871532e-05, 1.381362926622387e-05]"
99,0.014901980757713318,0.9852136969566345,"[[-1.5707963705062866, -0.03486291691660881, -0.02894192561507225], [1.5707963705062866, -0.08613019436597824, 0.12110571563243866], [-1.5707963705062866, -0.35831716656684875, -0.26828083395957947], [1.5707963705062866, 0.07165057212114334, -0.15371960401535034], [-1.5707963705062866, -0.06278757005929947, -0.08172997832298279], [0.0, 0.15572598576545715, -0.12435485422611237], [-1.5707963705062866, 0.1352282464504242, -0.075413778424263]]","[[-1.5707963705062866, -0.027487358078360558, -0.022819004952907562], [1.5707963705062866, -0.06790859252214432, 0.09548473358154297], [-1.5707963705062866, -0.28251200914382935, -0.2115236520767212], [1.5707963705062866, 0.056492261588573456, -0.1211988627910614], [-1.5707963705062866, -0.04950430616736412, -0.06443928182125092], [0.0, 0.12278077751398087, -0.09804648905992508], [-1.5707963705062866, 0.10661951452493668, -0.05945932865142822]]","[[-1.5707963705062866, -0.0, -0.0], [1.5707963705062866, -0.07167474180459976, 0.10078022629022598], [-1.5707963705062866, -0.29817986488342285, -0.22325454652309418], [1.5707963705062866, 0.05962526798248291, -0.12792043387889862], [-1.5707963705062866, -0.0, -0.0680130198597908], [0.0, 0.12959007918834686, -0.10348405689001083], [-1.5707963705062866, 0.11253253370523453, -0.06275688856840134]]",,,,,,,,,,,
100,0.014877262525260448,0.9852380156517029,"[[-1.5707963705062866, -0.034857138991355896, -0.028940388932824135], [1.5707963705062866, -0.08603394031524658, 0.12120702862739563], [-1.5707963705062866, -0.35828131437301636, -0.268252432346344], [1.5707963705062866, 0.07158972322940826, -0.153706893324852], [-1.5707963705062866, -0.06275749206542969, -0.08172004669904709], [0.0, 0.15571406483650208, -0.12434259802103043], [-1.5707963705062866, 0.13521668314933777, -0.07540993392467499]]","[[-1.5707963705062866, -0.027485329657793045, -0.022819891571998596], [1.5707963705062866, -0.06783893704414368, 0.09557339549064636], [-1.5707963705062866, -0.2825097143650055, -0.2115207016468048], [1.5707963705062866, 0.05644947290420532, -0.12119998037815094], [-1.5707963705062866, -0.049485139548778534, -0.0644373744726181], [0.0, 0.12278266251087189, -0.09804583340883255], [-1.5707963705062866, 0.10662019997835159, -0.05946176126599312]]","[[-1.5707963705062866, -0.0, -0.0], [1.5707963705062866, -0.0716002881526947, 0.10087249428033829], [-1.5707963705062866, -0.29817357659339905, -0.22324854135513306], [1.5707963705062866, 0.059579335153102875, -0.12791995704174042], [-1.5707963705062866, -0.0, -0.0680101290345192], [0.0, 0.12959039211273193, -0.10348202288150787], [-1.5707963705062866, 0.11253179609775543, -0.06275863945484161]]","[3, 2, 9, 6, 0]","[[[0.0, 0.0, -1.0, 0.28999999165534973], [-0.0, 1.0, 0.0, -0.15833400189876556], [1.0, 0.0, 0.0, 0.23125000298023224], [0.0, 0.0, 0.0, 1.0]], [[0.0, 0.0, -1.0, 0.28999999165534973], [-0.0, 1.0, 0.0, -0.15833400189876556], [1.0, 0.0, 0.0, 0.11874999850988388], [0.0, 0.0, 0.0, 1.0]], [[0.0, 0.0, -1.0, 0.28999999165534973], [-0.0, 1.0, 0.0, 0.15833400189876556], [1.0, 0.0, 0.0, 0.23125000298023224], [0.0, 0.0, 0.0, 1.0]], [[0.0, 0.0, -1.0, 0.28999999165534973], [-0.0, 1.0, 0.0, 0.0], [1.0, 0.0, 0.0, 0.23125000298023224], [0.0, 0.0, 0.0, 1.0]], [[0.0, -0.0, 1.0, 0.15000000596046448], [0.0, 1.0, 0.0, 0.0], [-1.0, 0.0, 0.0, 0.125], [0.0, 0.0, 0.0, 1.0]]]","[0, 0, 0, 0, 0]","[[1.6526713371276855, 1.6878546476364136, 3.1384294033050537, -1.4537379741668701, 3.1108953952789307, 0.11294180154800415], [2.0202717781066895, 1.6832993030548096, -3.1384315490722656, -1.4582939147949219, 2.6561191082000732, 0.9345941543579102], [0.7612134218215942, 2.349102020263672, 7.807081203736743e-08, 0.7924906611442566, -1.303183674812317, 0.4936007559299469], [-0.3530963063240051, 1.8368843793869019, 3.716223773153615e-08, 1.3047083616256714, 1.4050496816635132, 2.9542429447174072], [-0.9246357083320618, 1.8368843793869019, 1.0787246651489113e-07, 1.3047082424163818, 1.1879879236221313, -0.5418274402618408]]","[[[3.189779818058014e-07, 0.003131866455078125, -1.0, 0.2900390625], [0.0002574920654296875, 1.0, 0.003131866455078125, -0.1583251953125], [1.0, -0.0002574920654296875, -4.87547367811203e-07, 0.23125000298023224], [0.0, 0.0, 0.0, 1.0]], [[1.9297003746032715e-06, -0.0028285980224609375, -1.0, 0.2900390625], [-0.0013647079467773438, 1.0, -0.0028285980224609375, -0.1583251953125], [1.0, 0.0013647079467773438, -1.9297003746032715e-06, 0.11882324516773224], [0.0, 0.0, 0.0, 1.0]], [[-6.106226635438361e-16, 2.4258042685687542e-08, -1.0, 0.2900390625], [-5.125184543430805e-08, 1.0, 2.4258042685687542e-08, 0.1583251953125], [1.0, 5.125184543430805e-08, 6.106226635438361e-16, 0.23125000298023224], [0.0, 0.0, 0.0, 1.0]], [[-8.42846930027008e-08, -2.5902409106492996e-08, -1.0, 0.2900390625], [2.3457687348127365e-08, 1.0, -2.5902409106492996e-08, 2.8026988729834557e-08], [1.0, -2.3457687348127365e-08, -8.42846930027008e-08, 0.23125000298023224], [0.0, 0.0, 0.0, 1.0]], [[-5.551115123125783e-17, 6.857590051367879e-09, 1.0, 0.1500244140625], [-1.2172677088528872e-08, 1.0, -6.857590051367879e-09, 1.7171259969472885e-08], [-1.0, -1.2172677088528872e-08, 5.551115123125783e-17, 0.12504883110523224], [0.0, 0.0, 0.0, 1.0]]]",5.1449194870656356e-05,0.0,1.8190037735621445e-05,"[4.005105438409373e-05, 8.348149276571348e-05, 4.005105438409373e-05, 3.9070855564204976e-05, 5.459150634123944e-05]","[0.0, 0.0, 0.0, 0.0, 0.0]","[1.4160185855871532e-05, 2.951516398752574e-05, 1.4160185855871532e-05, 1.3813633813697379e-05, 1.930101279867813e-05]"
